order_id,order_date,category,region,units_sold,unit_price,payment_method,customer_age,customer_rating,revenue
ORD1051,2025-08-30,Beauty,North,2,49.74,UPI,20.0,4.1,99.48
ORD1522,2025-08-30,Sports,North,7,70.255,Debit Card,22.0,4.0,491.78
ORD1179,2025-09-16,Electronics,East,6,106.81,Cash on Delivery,44.0,3.3,640.86
ORD2173,2025-06-03,Electronics,North,9,57.23,Debit Card,48.0,3.7,515.07
ORD1937,2025-11-16,Home & Kitchen,North,2,35.25,Cash on Delivery,58.0,4.4,70.5
ORD2152,2025-01-29,Sports,North,8,99.7,Debit Card,47.0,2.7,797.6
ORD1205,2025-04-23,Sports,West,7,70.255,Cash on Delivery,35.0,4.6,491.78
ORD2090,2025-01-10,Home & Kitchen,West,6,94.26,Credit Card,49.0,5.3,565.56
ORD1656,2025-02-13,Sports,East,9,70.255,Cash on Delivery,57.0,3.7,632.29
ORD2114,2025-04-25,Toys,East,4,100.17,UPI,49.0,3.7,400.68
ORD1034,2025-07-09,Electronics,West,10,141.39,Debit Card,29.0,4.7,1413.9
ORD1735,2025-10-10,Electronics,West,3,61.9,Credit Card,30.0,3.8,185.7
ORD1063,2025-01-02,Home & Kitchen,East,6,57.71,UPI,23.0,4.0,346.26
ORD1641,2025-08-30,Electronics,North,7,70.58,UPI,49.0,5.1,494.06
ORD1761,2025-02-03,Clothing,East,6,111.18,Cash on Delivery,32.0,4.4,667.08
ORD1927,2025-02-03,Home & Kitchen,East,7,100.29,Credit Card,23.0,3.3,702.03
ORD1454,2025-08-25,Beauty,North,5,58.33,Cash on Delivery,35.0,3.4,291.65
ORD1355,2025-02-23,Beauty,East,3,36.38,Debit Card,42.0,3.2,109.14
ORD2073,2025-05-14,Clothing,North,6,140.04,UPI,17.0,4.0,840.24
ORD1445,2025-05-02,Home & Kitchen,West,4,106.69,Credit Card,15.0,4.0,426.76
ORD1350,2025-11-19,Electronics,East,10,48.56,Credit Card,31.0,4.4,485.6
ORD1172,2025-08-19,Toys,North,6,72.53,UPI,29.0,4.0,435.18
ORD1513,2025-06-17,Sports,West,4,91.44,Cash on Delivery,58.0,3.6,365.76
ORD1627,2025-03-11,Clothing,East,9,72.87,UPI,52.0,3.9,655.83
ORD1220,2025-09-04,Beauty,West,6,92.06,Debit Card,38.0,4.6,552.36
ORD1790,2025-10-21,Beauty,West,7,32.12,Cash on Delivery,18.0,5.1,224.84
ORD1372,2025-02-08,Electronics,North,6,70.58,Debit Card,33.0,3.1,423.48
ORD1253,2025-09-24,Home & Kitchen,North,5,74.1,Credit Card,47.0,4.1,370.5
ORD2038,2025-09-27,Clothing,East,3,119.87,Credit Card,34.0,4.4,359.61
ORD1631,2025-07-01,Sports,North,7,119.91,Credit Card,49.0,3.7,839.37
ORD1452,2025-02-17,Home & Kitchen,West,7,82.75,Debit Card,37.0,4.1,579.25
ORD1544,2025-04-09,Sports,North,3,103.51,Credit Card,63.0,3.6,310.53
ORD1525,2025-12-03,Electronics,South,4,90.18,UPI,38.0,1.6,360.72
ORD1189,2025-06-01,Beauty,West,11,107.82,Debit Card,42.0,2.2,1186.02
ORD1101,2025-03-04,Home & Kitchen,North,3,70.81,Cash on Delivery,41.0,4.0,212.43
ORD1734,2025-11-11,Electronics,West,6,43.38,Credit Card,39.0,3.6,260.28
ORD1334,2025-01-06,Sports,West,5,129.05,Credit Card,42.0,3.4,645.25
ORD1997,2025-05-19,Clothing,West,6,49.62,Cash on Delivery,35.0,4.1,297.72
ORD1446,2025-01-01,Electronics,North,6,66.86,Cash on Delivery,33.0,3.9,401.16
ORD1170,2025-05-08,Clothing,North,2,74.6,UPI,28.0,3.6,149.2
ORD1632,2025-06-16,Beauty,South,4,47.32,Cash on Delivery,51.0,4.7,189.28
ORD1369,2025-10-26,Toys,North,2,73.0,Cash on Delivery,50.0,3.1,146.0
ORD1285,2025-09-11,Home & Kitchen,North,4,79.76,Credit Card,39.0,4.0,319.04
ORD2033,2025-12-15,Beauty,South,1,92.21,Debit Card,29.0,2.7,92.21
ORD1572,2025-10-11,Clothing,South,7,100.33,Cash on Delivery,36.0,2.9,702.31
ORD1027,2025-08-24,Electronics,South,6,64.48,Debit Card,34.0,3.8,386.88
ORD1426,2025-09-26,Clothing,North,6,31.55,UPI,28.0,4.6,189.3
ORD2199,2025-06-03,Clothing,North,4,50.1,Credit Card,35.0,4.0,200.4
ORD1278,2025-04-30,Clothing,North,3,39.6,Cash on Delivery,39.0,3.1,118.8
ORD2110,2025-11-28,Electronics,East,3,21.63,UPI,24.0,5.7,64.89
ORD1665,2025-07-22,Clothing,East,6,58.27,Cash on Delivery,15.0,3.8,349.62
ORD1961,2025-08-17,Sports,South,4,39.57,Credit Card,37.0,3.3,158.28
ORD1650,2025-07-09,Clothing,East,2,90.34,Credit Card,29.0,4.5,180.68
ORD1680,2025-05-24,Electronics,East,4,114.44,Credit Card,35.0,4.2,457.76
ORD1498,2025-10-07,Electronics,West,2,70.39,Credit Card,41.0,3.5,140.78
ORD1113,2025-09-25,Toys,North,5,91.01,Debit Card,38.0,4.9,455.05
ORD1128,2025-01-05,Home & Kitchen,West,1,28.17,Cash on Delivery,34.0,4.7,28.17
ORD1652,2025-11-08,Clothing,North,3,54.58,UPI,35.0,4.0,163.74
ORD1673,2025-08-21,Electronics,South,6,39.48,Debit Card,31.0,2.9,236.88
ORD1046,2025-06-16,Sports,East,2,31.32,Cash on Delivery,51.0,3.5,62.64
ORD2149,2025-04-02,Sports,West,6,81.99,UPI,34.0,4.9,491.94
ORD2188,2025-07-01,Clothing,North,4,132.8,Cash on Delivery,18.0,5.2,531.2
ORD1396,2025-07-05,Beauty,East,4,76.72,Debit Card,28.0,4.1,306.88
ORD1509,2025-04-11,Electronics,North,6,95.7,UPI,31.0,3.1,574.2
ORD1797,2025-11-04,Electronics,North,4,39.87,Credit Card,17.0,5.1,159.48
ORD1455,2025-09-29,Electronics,East,6,68.94,Credit Card,22.0,2.9,413.64
ORD2133,2025-12-29,Home & Kitchen,South,5,137.15,Credit Card,17.0,3.5,685.75
ORD1643,2025-05-06,Electronics,West,6,24.81,Credit Card,47.0,4.4,148.86
ORD1660,2025-11-13,Home & Kitchen,North,4,97.94,UPI,36.0,4.0,391.76
ORD1724,2025-05-26,Beauty,South,5,20.72,Credit Card,18.0,2.9,103.6
ORD1924,2025-04-21,Electronics,West,5,33.41,Credit Card,35.0,3.1,167.05
ORD1620,2025-12-08,Clothing,South,5,161.27500000000003,UPI,38.0,3.7,806.38
ORD1408,2025-09-28,Toys,South,7,73.0,Credit Card,38.0,4.0,511.0
ORD1921,2025-08-21,Beauty,East,7,85.65,Credit Card,35.0,3.5,599.55
ORD1284,2025-12-06,Sports,East,6,80.83,Credit Card,35.0,5.0,484.98
ORD1878,2025-09-10,Toys,North,7,74.25,Credit Card,27.0,4.0,519.75
ORD1367,2025-09-30,Home & Kitchen,North,3,74.19,Cash on Delivery,20.0,3.7,222.57
ORD2174,2025-10-18,Home & Kitchen,South,1,74.19,Cash on Delivery,21.0,5.6,74.19
ORD1430,2025-05-27,Sports,North,8,40.67,Debit Card,24.0,3.7,325.36
ORD1758,2025-07-24,Electronics,West,7,32.07,Debit Card,29.0,4.6,224.49
ORD1060,2025-03-22,Electronics,South,5,26.03,Debit Card,36.0,5.1,130.15
ORD1228,2025-11-21,Clothing,South,5,118.7,Cash on Delivery,31.0,3.6,593.5
ORD1825,2025-07-02,Beauty,West,6,55.76,UPI,38.0,4.5,334.56
ORD1361,2025-04-24,Electronics,North,4,70.58,Credit Card,26.0,4.0,282.32
ORD1649,2025-12-14,Home & Kitchen,East,7,65.81,Debit Card,19.0,4.5,460.67
ORD1541,2025-07-11,Clothing,East,9,63.65,Debit Card,35.0,4.5,572.85
ORD2178,2025-03-31,Electronics,East,2,99.03,Credit Card,37.0,3.9,198.06
ORD2105,2025-05-16,Home & Kitchen,South,5,111.55,Credit Card,50.0,3.9,557.75
ORD1110,2025-05-15,Sports,West,6,91.14,UPI,29.0,3.3,546.84
ORD1528,2025-04-03,Electronics,South,10,112.79,Cash on Delivery,46.0,4.3,1127.9
ORD1626,2025-10-19,Toys,West,2,106.29,UPI,35.0,2.6,212.58
ORD1463,2025-06-03,Home & Kitchen,West,5,114.45,UPI,15.0,4.2,572.25
ORD2169,2025-05-17,Home & Kitchen,West,3,71.49,Debit Card,30.0,4.7,214.47
ORD1289,2025-06-02,Clothing,West,5,59.18,Credit Card,37.0,3.8,295.9
ORD1009,2025-08-03,Home & Kitchen,West,2,90.99,UPI,28.0,3.0,181.98
ORD1816,2025-02-22,Home & Kitchen,North,5,101.61,Debit Card,48.0,4.0,508.05
ORD1053,2025-12-12,Clothing,West,5,44.52,Debit Card,56.0,4.3,222.6
ORD2015,2025-09-30,Clothing,West,4,67.28,UPI,33.0,5.0,269.12
ORD1767,2025-09-07,Beauty,North,10,20.64,Credit Card,39.0,4.3,206.4
ORD1397,2025-03-04,Home & Kitchen,West,5,27.83,Cash on Delivery,18.0,1.6,139.15
ORD2125,2025-12-26,Home & Kitchen,North,6,81.4,Debit Card,23.0,3.8,488.4
ORD1262,2025-03-01,Beauty,West,6,142.86,Debit Card,35.0,3.8,857.16
ORD1040,2025-11-16,Clothing,East,2,96.39,Cash on Delivery,33.0,3.1,192.78
ORD1109,2025-01-28,Home & Kitchen,West,2,90.22,UPI,15.0,3.3,180.44
ORD1609,2025-06-19,Sports,South,4,104.9,Credit Card,35.0,3.1,419.6
ORD1845,2025-11-13,Beauty,South,1,48.35,UPI,35.0,3.7,48.35
ORD2065,2025-06-02,Electronics,East,5,101.06,Debit Card,48.0,6.0,505.3
ORD2083,2025-02-07,Clothing,East,6,41.24,Cash on Delivery,44.0,4.9,247.44
ORD1083,2025-08-25,Beauty,West,4,105.63,UPI,25.0,5.6,422.52
ORD1564,2025-12-08,Sports,West,5,32.13,UPI,32.0,3.1,160.65
ORD1866,2025-12-16,Sports,East,4,108.83,Debit Card,25.0,4.5,435.32
ORD1407,2025-11-22,Electronics,South,6,88.9,Cash on Delivery,15.0,4.3,533.4
ORD1098,2025-12-10,Electronics,South,2,45.12,Debit Card,35.0,4.2,90.24
ORD1633,2025-04-01,Clothing,North,7,86.68,UPI,15.0,2.5,606.76
ORD2097,2025-06-08,Beauty,South,8,78.28,Cash on Delivery,20.0,4.0,626.24
ORD1374,2025-09-04,Sports,East,5,51.78,UPI,29.0,3.7,258.9
ORD1270,2025-08-21,Beauty,East,3,155.76,Debit Card,27.0,3.8,467.28
ORD1336,2025-08-21,Beauty,East,8,57.19,UPI,17.0,3.7,457.52
ORD1998,2025-12-22,Toys,North,5,62.01,UPI,26.0,3.1,310.05
ORD1151,2025-01-13,Sports,North,4,60.99,Credit Card,37.0,3.8,243.96
ORD1511,2025-11-19,Home & Kitchen,North,5,45.33,Cash on Delivery,39.0,3.5,226.65
ORD1928,2025-04-21,Clothing,West,3,68.04,Debit Card,18.0,4.1,204.12
ORD1619,2025-11-17,Sports,South,5,93.11,Debit Card,41.0,4.6,465.55
ORD2093,2025-11-26,Sports,West,3,119.82,Cash on Delivery,29.0,5.2,359.46
ORD1318,2025-10-04,Beauty,East,3,111.58,Cash on Delivery,18.0,3.4,334.74
ORD1231,2025-08-28,Clothing,East,11,60.78,Debit Card,36.0,4.7,668.58
ORD1252,2025-05-09,Sports,East,4,156.25,Cash on Delivery,40.0,3.7,625.0
ORD1857,2025-10-28,Electronics,North,5,51.04,UPI,51.0,4.1,255.2
ORD2121,2025-05-28,Clothing,East,5,59.0,Debit Card,42.0,4.9,295.0
ORD1054,2025-02-22,Sports,East,2,29.17,Credit Card,40.0,3.8,58.34
ORD1379,2025-11-12,Clothing,South,3,41.0,Cash on Delivery,17.0,4.6,123.0
ORD1431,2025-05-25,Beauty,West,8,89.66,Debit Card,28.0,3.0,717.28
ORD1141,2025-08-29,Beauty,West,7,94.86,Cash on Delivery,57.0,4.5,664.02
ORD1810,2025-11-26,Electronics,South,7,120.16,Credit Card,39.0,3.8,841.12
ORD1097,2025-01-09,Toys,East,3,53.51,Credit Card,40.0,5.1,160.53
ORD1756,2025-02-20,Clothing,South,5,55.24,Debit Card,22.0,3.4,276.2
ORD1984,2025-10-02,Sports,East,5,61.82,UPI,52.0,2.8,309.1
ORD1571,2025-09-22,Electronics,West,5,94.47,Cash on Delivery,36.0,4.1,472.35
ORD1432,2025-04-30,Beauty,North,6,67.17,Credit Card,50.0,4.2,403.02
ORD1523,2025-02-04,Sports,West,2,31.34,Credit Card,33.0,4.2,62.68
ORD1012,2025-04-10,Electronics,North,3,78.57,UPI,23.0,4.3,235.71
ORD1685,2025-12-24,Clothing,North,5,54.61,Debit Card,40.0,5.0,273.05
ORD1817,2025-07-24,Clothing,North,4,60.32,Debit Card,18.0,4.4,241.28
ORD1146,2025-08-25,Sports,North,2,90.87,Credit Card,45.0,3.6,181.74
ORD1679,2025-09-16,Toys,West,6,87.82,Debit Card,32.0,3.7,526.92
ORD2135,2025-05-21,Toys,South,6,54.17,Cash on Delivery,50.0,4.3,325.02
ORD1013,2025-12-26,Beauty,East,8,49.63,UPI,15.0,3.9,397.04
ORD1617,2025-05-16,Sports,North,6,28.44,Debit Card,30.0,1.3,170.64
ORD1551,2025-02-06,Electronics,East,6,97.36,Cash on Delivery,43.0,3.9,584.16
ORD1888,2025-08-04,Beauty,East,6,131.63,UPI,47.0,3.3,789.78
ORD1698,2025-12-23,Electronics,North,4,70.58,UPI,38.0,3.5,282.32
ORD1020,2025-10-21,Beauty,South,5,66.21,Cash on Delivery,23.0,2.2,331.05
ORD1895,2025-01-03,Beauty,South,5,117.61,Cash on Delivery,35.0,3.4,588.05
ORD1351,2025-05-08,Home & Kitchen,West,6,88.02,Cash on Delivery,40.0,3.4,528.12
ORD1874,2025-09-14,Electronics,East,4,80.4,Debit Card,33.0,5.0,321.6
ORD1306,2025-06-25,Beauty,East,1,59.99,UPI,38.0,4.5,59.99
ORD1824,2025-05-31,Toys,East,7,68.96,Credit Card,22.0,4.6,482.72
ORD1399,2025-05-05,Electronics,South,10,121.42,Cash on Delivery,35.0,3.4,1214.2
ORD1204,2025-07-06,Beauty,East,6,93.87,Cash on Delivery,41.0,5.3,563.22
ORD2171,2025-11-09,Electronics,East,7,42.07,UPI,16.0,4.0,294.49
ORD1677,2025-01-01,Beauty,West,5,70.76,Cash on Delivery,36.0,3.8,353.8
ORD2195,2025-06-26,Clothing,East,4,102.51,Debit Card,34.0,4.0,410.04
ORD1017,2025-11-05,Home & Kitchen,South,1,83.05,Debit Card,35.0,3.1,83.05
ORD1389,2025-12-20,Clothing,North,6,26.94,Credit Card,22.0,4.7,161.64
ORD1880,2025-07-26,Electronics,West,3,74.33,Debit Card,41.0,4.3,222.99
ORD1503,2025-12-06,Sports,West,10,73.58,Debit Card,39.0,3.8,735.8
ORD1534,2025-04-24,Clothing,North,4,69.8,Cash on Delivery,32.0,4.1,279.2
ORD1272,2025-05-27,Clothing,East,1,34.18,UPI,18.0,3.8,34.18
ORD1115,2025-02-17,Clothing,West,5,96.55,Debit Card,36.0,3.6,482.75
ORD1207,2025-05-10,Electronics,North,7,115.46,Debit Card,30.0,5.0,808.22
ORD1492,2025-05-27,Clothing,North,4,58.87,UPI,42.0,3.4,235.48
ORD1716,2025-10-13,Sports,West,4,70.255,Debit Card,23.0,3.2,281.02
ORD1992,2025-03-31,Home & Kitchen,North,3,114.22,UPI,35.0,4.4,342.66
ORD1975,2025-12-01,Toys,South,5,111.29,Cash on Delivery,29.0,4.5,556.45
ORD1140,2025-08-19,Clothing,North,5,36.77,Debit Card,23.0,5.0,183.85
ORD1886,2025-01-28,Home & Kitchen,North,6,62.95,Credit Card,35.0,2.7,377.7
ORD1263,2025-01-02,Toys,East,5,52.98,UPI,37.0,3.7,264.9
ORD2159,2025-04-11,Clothing,West,4,114.79,UPI,15.0,3.7,459.16
ORD1418,2025-09-19,Electronics,North,5,68.18,Cash on Delivery,48.0,4.2,340.9
ORD1565,2025-07-06,Home & Kitchen,North,4,59.42,Credit Card,43.0,4.0,237.68
ORD1484,2025-01-10,Toys,West,9,110.16,Cash on Delivery,38.0,3.5,991.44
ORD2170,2025-07-21,Electronics,West,5,72.25,Cash on Delivery,45.0,3.8,361.25
ORD1556,2025-08-05,Home & Kitchen,West,7,50.72,Cash on Delivery,36.0,4.8,355.04
ORD1747,2025-01-23,Clothing,West,5,85.06,UPI,27.0,3.9,425.3
ORD1358,2025-12-26,Sports,South,6,51.85,Cash on Delivery,38.0,2.9,311.1
ORD1108,2025-02-10,Beauty,West,4,69.78,UPI,54.0,4.0,279.12
ORD1671,2025-01-20,Sports,North,7,70.255,UPI,15.0,3.9,491.78
ORD2112,2025-05-10,Home & Kitchen,South,6,96.31,UPI,21.0,3.4,577.86
ORD1099,2025-05-09,Home & Kitchen,East,5,140.38,UPI,34.0,4.8,701.9
ORD1216,2025-06-21,Beauty,South,5,76.67,Debit Card,31.0,4.1,383.35
ORD1585,2025-02-08,Toys,West,5,73.0,UPI,33.0,3.0,365.0
ORD1385,2025-09-21,Sports,West,6,127.53,UPI,27.0,3.4,765.18
ORD1420,2025-12-16,Clothing,North,6,103.13,Debit Card,39.0,4.4,618.78
ORD1412,2025-02-22,Electronics,North,8,82.32,Debit Card,54.0,4.2,658.56
ORD1706,2025-08-28,Beauty,West,1,122.55,Credit Card,31.0,5.0,122.55
ORD1941,2025-08-17,Toys,East,5,51.85,Debit Card,38.0,5.5,259.25
ORD1557,2025-12-21,Clothing,East,6,124.06,UPI,23.0,4.3,744.36
ORD1793,2025-12-04,Beauty,West,2,45.18,UPI,85.0,4.0,90.36
ORD1305,2025-02-02,Beauty,East,10,75.63,Credit Card,24.0,3.4,756.3
ORD1913,2025-10-27,Clothing,North,6,89.71,Credit Card,36.0,4.9,538.26
ORD1662,2025-05-29,Electronics,West,5,96.92,Debit Card,53.0,1.8,484.6
ORD1990,2025-02-16,Toys,North,6,101.4,Cash on Delivery,25.0,4.9,608.4
ORD1363,2025-12-08,Clothing,West,7,37.37,Cash on Delivery,35.0,3.4,261.59
ORD1023,2025-06-10,Home & Kitchen,South,5,47.24,Credit Card,25.0,4.7,236.2
ORD2039,2025-11-12,Home & Kitchen,South,7,30.29,Cash on Delivery,49.0,3.1,212.03
ORD1264,2025-10-31,Toys,East,3,161.27500000000003,Cash on Delivery,64.0,4.2,483.83
ORD1755,2025-01-01,Home & Kitchen,South,5,106.55,Credit Card,26.0,3.9,532.75
ORD2122,2025-01-11,Beauty,East,5,22.45,Debit Card,35.0,4.4,112.25
ORD1186,2025-11-03,Beauty,North,4,135.81,UPI,15.0,3.9,543.24
ORD1562,2025-03-25,Electronics,North,4,95.71,Debit Card,29.0,4.7,382.84
ORD1862,2025-05-01,Clothing,West,4,80.57,UPI,46.0,3.7,322.28
ORD1947,2025-04-22,Sports,East,4,138.77,Credit Card,36.0,4.8,555.08
ORD1123,2025-02-04,Clothing,South,6,55.12,Credit Card,33.0,2.7,330.72
ORD1638,2025-05-06,Beauty,West,9,55.99,Credit Card,31.0,2.8,503.91
ORD1902,2025-08-15,Beauty,North,4,72.43,Debit Card,40.0,3.9,289.72
ORD2050,2025-08-25,Electronics,East,4,28.33,Debit Card,29.0,3.3,113.32
ORD1768,2025-06-11,Clothing,South,3,44.44,UPI,23.0,4.3,133.32
ORD1586,2025-04-19,Electronics,South,2,81.9,Credit Card,35.0,4.7,163.8
ORD2138,2025-04-21,Beauty,East,6,88.03,Cash on Delivery,51.0,4.5,528.18
ORD2075,2025-06-28,Sports,East,3,77.93,Debit Card,54.0,3.8,233.79
ORD1147,2025-05-23,Home & Kitchen,West,8,77.72,UPI,15.0,4.9,621.76
ORD1933,2025-04-11,Toys,North,3,114.49,Credit Card,15.0,3.6,343.47
ORD1493,2025-04-06,Toys,North,4,36.94,Credit Card,25.0,3.3,147.76
ORD1224,2025-05-03,Home & Kitchen,North,7,24.21,Credit Card,42.0,3.9,169.47
ORD1831,2025-10-08,Beauty,East,6,65.13,Credit Card,31.0,3.3,390.78
ORD1070,2025-02-13,Home & Kitchen,West,7,45.57,Cash on Delivery,27.0,2.8,318.99
ORD1691,2025-03-31,Sports,West,5,122.96,UPI,22.0,3.8,614.8
ORD1280,2025-04-26,Beauty,South,4,137.69,Cash on Delivery,36.0,4.5,550.76
ORD1171,2025-12-14,Toys,South,5,71.71,UPI,45.0,3.2,358.55
ORD1748,2025-02-22,Home & Kitchen,East,3,24.39,UPI,57.0,3.1,73.17
ORD1168,2025-10-13,Clothing,East,10,69.89,UPI,50.0,4.3,698.9
ORD1891,2025-01-14,Sports,West,6,99.57,Credit Card,36.0,6.0,597.42
ORD1283,2025-04-14,Beauty,North,2,93.11,Credit Card,35.0,5.0,186.22
ORD2052,2025-03-30,Beauty,East,2,89.23,Debit Card,33.0,4.0,178.46
ORD1125,2025-04-11,Clothing,West,6,40.51,Cash on Delivery,29.0,5.0,243.06
ORD2155,2025-08-02,Sports,North,6,67.71,Cash on Delivery,16.0,3.3,406.26
ORD2196,2025-10-12,Electronics,North,2,30.94,Cash on Delivery,51.0,4.2,61.88
ORD1164,2025-01-28,Beauty,West,6,105.06,Cash on Delivery,40.0,2.8,630.36
ORD2028,2025-01-01,Electronics,South,4,119.24,Credit Card,50.0,3.1,476.96
ORD2153,2025-10-23,Electronics,East,5,48.42,Credit Card,21.0,4.0,242.1
ORD1531,2025-04-15,Electronics,West,6,57.21,UPI,33.0,3.5,343.26
ORD1840,2025-02-20,Clothing,North,8,68.02,Cash on Delivery,36.0,3.1,544.16
ORD1042,2025-11-03,Electronics,West,5,62.22,UPI,57.0,2.5,311.1
ORD1781,2025-07-26,Electronics,South,4,63.64,Debit Card,38.0,4.1,254.56
ORD1918,2025-01-25,Electronics,South,6,56.03,Cash on Delivery,34.0,4.3,336.18
ORD1688,2025-05-02,Beauty,West,5,55.5,Cash on Delivery,43.0,4.0,277.5
ORD1578,2025-03-10,Home & Kitchen,East,7,33.7,UPI,57.0,5.2,235.9
ORD1132,2025-10-10,Sports,East,5,60.2,UPI,20.0,3.1,301.0
ORD2014,2025-11-25,Toys,West,3,111.83,Cash on Delivery,44.0,4.4,335.49
ORD1467,2025-10-12,Beauty,West,6,65.55,Debit Card,23.0,3.5,393.3
ORD1038,2025-02-24,Electronics,South,5,64.73,Credit Card,30.0,3.5,323.65
ORD1963,2025-08-11,Clothing,West,4,94.26,Credit Card,37.0,4.2,377.04
ORD1190,2025-11-11,Electronics,South,5,60.62,Cash on Delivery,32.0,3.1,303.1
ORD2042,2025-08-01,Sports,West,3,123.62,UPI,48.0,3.1,370.86
ORD1508,2025-06-28,Toys,South,7,44.99,Cash on Delivery,20.0,2.7,314.93
ORD1166,2025-02-13,Sports,East,6,55.04,Cash on Delivery,33.0,3.1,330.24
ORD1540,2025-12-23,Electronics,East,3,54.25,Debit Card,35.0,4.2,162.75
ORD1071,2025-06-11,Clothing,South,3,57.17,Cash on Delivery,54.0,4.2,171.51
ORD1906,2025-01-28,Electronics,East,7,85.14,UPI,41.0,4.1,595.98
ORD1905,2025-04-29,Home & Kitchen,East,2,143.6,Credit Card,33.0,3.8,287.2
ORD1636,2025-01-19,Beauty,East,1,161.27500000000003,Credit Card,43.0,4.0,161.28
ORD1993,2025-05-22,Sports,East,7,51.68,Cash on Delivery,41.0,4.3,361.76
ORD1926,2025-04-21,Sports,North,5,99.72,Cash on Delivery,35.0,5.0,498.6
ORD1004,2025-03-13,Electronics,North,7,77.03,UPI,51.0,4.5,539.21
ORD1339,2025-12-15,Home & Kitchen,East,4,75.84,Credit Card,42.0,2.8,303.36
ORD1694,2025-11-12,Clothing,North,5,71.46,UPI,15.0,4.0,357.3
ORD1714,2025-01-10,Clothing,North,4,93.96,Cash on Delivery,22.0,4.0,375.84
ORD1377,2025-11-02,Sports,North,6,91.11,UPI,25.0,4.0,546.66
ORD1447,2025-08-27,Clothing,South,3,64.14,Debit Card,28.0,4.2,192.42
ORD1651,2025-07-10,Clothing,North,2,71.7,Debit Card,45.0,4.4,143.4
ORD2053,2025-10-23,Electronics,South,3,55.97,Credit Card,50.0,3.7,167.91
ORD1500,2025-09-04,Clothing,East,5,94.01,Cash on Delivery,22.0,4.8,470.05
ORD1804,2025-02-20,Electronics,South,5,119.99,Debit Card,36.0,5.4,599.95
ORD2077,2025-01-15,Home & Kitchen,East,4,119.92,UPI,31.0,4.3,479.68
ORD1094,2025-03-06,Electronics,West,4,50.53,Credit Card,36.0,3.3,202.12
ORD1095,2025-12-11,Clothing,East,6,133.51,Cash on Delivery,48.0,4.5,801.06
ORD1308,2025-08-26,Beauty,East,1,102.27,Credit Card,40.0,4.2,102.27
ORD1746,2025-09-16,Sports,West,5,74.97,UPI,51.0,3.1,374.85
ORD1489,2025-06-29,Home & Kitchen,East,4,50.35,UPI,43.0,4.3,201.4
ORD1602,2025-03-15,Sports,North,3,106.12,UPI,41.0,4.2,318.36
ORD1058,2025-02-04,Electronics,East,1,51.77,Cash on Delivery,38.0,4.4,51.77
ORD2146,2025-11-24,Sports,North,8,158.26,Cash on Delivery,21.0,3.9,1266.08
ORD1325,2025-01-04,Beauty,North,4,48.56,Credit Card,35.0,5.1,194.24
ORD1517,2025-10-12,Home & Kitchen,North,7,77.33,Debit Card,36.0,4.7,541.31
ORD1024,2025-11-10,Clothing,North,6,76.84,Cash on Delivery,56.0,4.3,461.04
ORD2054,2025-11-24,Home & Kitchen,East,7,37.23,Cash on Delivery,38.0,4.7,260.61
ORD1244,2025-05-28,Toys,South,7,132.28,Debit Card,40.0,4.0,925.96
ORD1025,2025-01-22,Home & Kitchen,North,6,55.15,Cash on Delivery,47.0,4.3,330.9
ORD1222,2025-07-22,Beauty,South,3,102.53,UPI,35.0,4.7,307.59
ORD1603,2025-09-10,Home & Kitchen,West,6,74.19,Cash on Delivery,29.0,3.0,445.14
ORD1105,2025-10-16,Electronics,West,4,57.49,Debit Card,27.0,4.1,229.96
ORD2086,2025-09-11,Home & Kitchen,South,4,76.59,Debit Card,35.0,4.8,306.36
ORD1130,2025-09-12,Sports,East,4,114.29,UPI,40.0,3.9,457.16
ORD1153,2025-11-23,Home & Kitchen,South,4,161.27500000000003,Credit Card,57.0,4.0,645.1
ORD2079,2025-06-06,Clothing,North,8,68.13,Debit Card,34.0,5.2,545.04
ORD2143,2025-11-20,Home & Kitchen,South,3,80.14,Credit Card,30.0,3.4,240.42
ORD1870,2025-03-02,Electronics,West,5,24.5,Debit Card,22.0,4.0,122.5
ORD1568,2025-04-10,Home & Kitchen,North,5,74.28,Debit Card,25.0,4.3,371.4
ORD1075,2025-10-31,Home & Kitchen,West,5,99.19,UPI,35.0,3.6,495.95
ORD2111,2025-06-22,Clothing,West,6,62.72,Debit Card,35.0,2.4,376.32
ORD2070,2025-04-14,Clothing,East,4,116.35,Credit Card,34.0,4.3,465.4
ORD1922,2025-04-19,Electronics,East,3,161.27500000000003,Credit Card,39.0,4.0,483.83
ORD1316,2025-01-27,Electronics,West,8,69.71,Cash on Delivery,35.0,3.3,557.68
ORD1985,2025-07-31,Home & Kitchen,South,3,20.26,Credit Card,44.0,4.0,60.78
ORD1742,2025-07-16,Home & Kitchen,North,7,51.59,UPI,28.0,3.6,361.13
ORD1199,2025-10-22,Clothing,North,4,12.98,Debit Card,42.0,3.7,51.92
ORD1861,2025-02-16,Home & Kitchen,East,4,90.8,Debit Card,50.0,3.1,363.2
ORD1134,2025-01-15,Electronics,East,5,70.58,UPI,35.0,5.7,352.9
ORD1326,2025-02-04,Beauty,North,7,87.31,Debit Card,39.0,4.5,611.17
ORD1259,2025-05-24,Clothing,East,1,53.18,Cash on Delivery,37.0,2.7,53.18
ORD1972,2025-04-04,Clothing,West,3,15.02,Debit Card,34.0,5.1,45.06
ORD1003,2025-04-17,Toys,North,3,78.1,UPI,31.0,5.0,234.3
ORD1848,2025-01-01,Sports,South,5,61.64,UPI,40.0,2.4,308.2
ORD1210,2025-12-09,Beauty,East,3,70.93,Credit Card,15.0,5.1,212.79
ORD1196,2025-11-14,Clothing,North,7,98.02,Debit Card,35.0,3.3,686.14
ORD2043,2025-06-14,Beauty,South,6,84.3,UPI,36.0,3.4,505.8
ORD1536,2025-08-05,Home & Kitchen,West,5,97.59,Debit Card,46.0,3.8,487.95
ORD1591,2025-05-02,Home & Kitchen,North,7,24.57,UPI,38.0,3.2,171.99
ORD1026,2025-09-10,Electronics,South,2,67.06,Debit Card,45.0,3.7,134.12
ORD2089,2025-11-18,Electronics,West,7,64.94,Credit Card,46.0,4.2,454.58
ORD1901,2025-10-21,Sports,East,4,161.27500000000003,Cash on Delivery,44.0,6.6,645.1
ORD2130,2025-10-30,Electronics,South,2,124.74,Credit Card,27.0,3.6,249.48
ORD1594,2025-08-03,Electronics,South,8,71.22,Credit Card,23.0,3.9,569.76
ORD1061,2025-02-19,Electronics,West,8,115.97,Cash on Delivery,45.0,5.0,927.76
ORD1722,2025-10-16,Beauty,East,3,63.81,UPI,37.0,3.4,191.43
ORD2031,2025-03-01,Electronics,East,4,25.65,Cash on Delivery,44.0,4.0,102.6
ORD1983,2025-11-20,Beauty,West,8,72.655,Cash on Delivery,46.0,4.2,581.24
ORD1681,2025-01-12,Toys,East,5,45.65,Debit Card,25.0,5.0,228.25
ORD1637,2025-02-08,Beauty,South,6,80.08,Credit Card,27.0,4.7,480.48
ORD1779,2025-09-12,Sports,South,5,57.11,Cash on Delivery,35.0,3.6,285.55
ORD1597,2025-11-27,Sports,East,7,85.7,UPI,22.0,5.1,599.9
ORD1573,2025-07-25,Electronics,North,3,42.3,Cash on Delivery,39.0,3.2,126.9
ORD1457,2025-07-11,Electronics,East,5,125.41,Credit Card,39.0,4.4,627.05
ORD1925,2025-08-16,Clothing,East,6,34.3,UPI,28.0,3.5,205.8
ORD1885,2025-01-14,Electronics,South,3,66.49,Credit Card,45.0,4.8,199.47
ORD1008,2025-05-02,Home & Kitchen,South,3,109.14,UPI,34.0,3.6,327.42
ORD1978,2025-06-22,Sports,East,4,40.37,Debit Card,15.0,4.9,161.48
ORD1666,2025-09-09,Home & Kitchen,South,4,54.96,UPI,34.0,4.0,219.84
ORD2172,2025-04-27,Toys,North,7,59.9,Debit Card,20.0,3.9,419.3
ORD1648,2025-01-01,Clothing,North,5,75.3,Debit Card,45.0,3.9,376.5
ORD1657,2025-06-22,Home & Kitchen,North,6,58.71,UPI,54.0,3.3,352.26
ORD1819,2025-08-23,Home & Kitchen,East,6,161.27500000000003,UPI,44.0,2.9,967.65
ORD2117,2025-10-09,Home & Kitchen,South,4,99.75,Debit Card,48.0,3.2,399.0
ORD1074,2025-12-17,Home & Kitchen,North,4,27.72,Credit Card,34.0,3.0,110.88
ORD1563,2025-08-05,Sports,North,7,70.35,Cash on Delivery,25.0,3.2,492.45
ORD2019,2025-04-05,Sports,East,8,50.36,Credit Card,24.0,3.7,402.88
ORD1057,2025-09-21,Beauty,South,5,27.03,Debit Card,39.0,3.7,135.15
ORD2027,2025-02-04,Electronics,West,2,137.44,Cash on Delivery,35.0,4.5,274.88
ORD1478,2025-10-16,Electronics,South,6,48.72,Debit Card,51.0,3.1,292.32
ORD1297,2025-06-10,Home & Kitchen,West,4,83.82,Credit Card,34.0,3.9,335.28
ORD1954,2025-06-01,Electronics,West,3,37.26,Cash on Delivery,15.0,4.6,111.78
ORD1217,2025-08-06,Clothing,South,8,36.16,UPI,53.0,3.0,289.28
ORD1712,2025-07-16,Beauty,West,3,68.14,Cash on Delivery,35.0,4.6,204.42
ORD1668,2025-06-13,Sports,East,4,91.09,Credit Card,46.0,3.5,364.36
ORD1344,2025-07-07,Electronics,West,6,92.04,Debit Card,47.0,4.3,552.24
ORD1713,2025-10-30,Beauty,East,4,94.35,Cash on Delivery,27.0,4.0,377.4
ORD1480,2025-08-10,Clothing,North,6,87.7,Debit Card,20.0,4.9,526.2
ORD1939,2025-11-11,Beauty,West,3,41.94,Credit Card,58.0,4.0,125.82
ORD1754,2025-03-19,Sports,East,7,66.04,UPI,40.0,4.3,462.28
ORD2040,2025-10-13,Sports,South,6,57.6,Debit Card,35.0,4.1,345.6
ORD1702,2025-05-25,Home & Kitchen,West,6,77.43,UPI,34.0,5.1,464.58
ORD1868,2025-11-15,Sports,North,4,148.26,Cash on Delivery,21.0,4.3,593.04
ORD1957,2025-09-04,Electronics,South,5,118.75,Cash on Delivery,35.0,5.1,593.75
ORD1266,2025-05-20,Clothing,North,1,67.12,Credit Card,59.0,3.5,67.12
ORD1006,2025-01-21,Electronics,North,7,70.58,Credit Card,39.0,5.3,494.06
ORD1122,2025-08-02,Clothing,West,3,80.31,Credit Card,51.0,3.3,240.93
ORD2049,2025-03-30,Toys,West,2,66.53,UPI,22.0,4.4,133.06
ORD1138,2025-03-04,Home & Kitchen,West,6,35.11,Cash on Delivery,51.0,4.5,210.66
ORD1163,2025-10-11,Sports,East,9,112.63,UPI,21.0,3.7,1013.67
ORD1733,2025-12-08,Beauty,West,2,81.7,Debit Card,43.0,3.4,163.4
ORD1548,2025-05-31,Toys,East,3,89.24,Cash on Delivery,47.0,4.8,267.72
ORD2072,2025-07-17,Toys,North,8,60.73,Cash on Delivery,37.0,4.1,485.84
ORD1043,2025-05-15,Electronics,South,8,58.73,Debit Card,21.0,4.4,469.84
ORD1778,2025-04-22,Home & Kitchen,East,1,158.25,Credit Card,44.0,3.6,158.25
ORD2056,2025-04-14,Sports,West,3,71.61,Credit Card,35.0,4.7,214.83
ORD1319,2025-10-13,Electronics,East,9,110.82,Credit Card,47.0,3.6,997.38
ORD1800,2025-12-01,Home & Kitchen,North,4,12.88,Credit Card,34.0,4.1,51.52
ORD1795,2025-12-01,Clothing,South,5,26.18,Debit Card,41.0,3.5,130.9
ORD1451,2025-04-28,Electronics,South,3,36.81,Debit Card,33.0,4.8,110.43
ORD1294,2025-06-12,Sports,East,6,106.28,Credit Card,15.0,2.9,637.68
ORD1587,2025-06-30,Toys,South,5,116.91,Debit Card,35.0,3.9,584.55
ORD1558,2025-12-27,Sports,West,7,58.84,UPI,38.0,4.0,411.88
ORD2020,2025-11-01,Beauty,East,6,50.53,Cash on Delivery,36.0,4.4,303.18
ORD1506,2025-06-12,Clothing,North,5,39.09,Debit Card,31.0,4.3,195.45
ORD1019,2025-12-10,Electronics,South,7,109.23,Debit Card,20.0,3.6,764.61
ORD1518,2025-01-12,Clothing,South,7,121.01,Cash on Delivery,35.0,4.0,847.07
ORD1473,2025-07-23,Beauty,North,7,71.68,UPI,47.0,3.9,501.76
ORD1674,2025-11-01,Electronics,South,5,45.82,Credit Card,31.0,4.0,229.1
ORD1699,2025-02-10,Home & Kitchen,West,6,44.38,Credit Card,46.0,4.0,266.28
ORD2055,2025-10-22,Sports,East,8,53.84,Credit Card,45.0,4.2,430.72
ORD1409,2025-02-23,Sports,North,6,43.11,Credit Card,18.0,5.5,258.66
ORD2101,2025-08-04,Clothing,North,5,33.59,Cash on Delivery,35.0,4.1,167.95
ORD1137,2025-06-28,Electronics,East,3,108.09,Debit Card,32.0,3.6,324.27
ORD2037,2025-08-17,Home & Kitchen,North,5,53.06,Credit Card,34.0,2.5,265.3
ORD1526,2025-03-31,Sports,East,7,92.41,Debit Card,22.0,5.3,646.87
ORD1185,2025-08-13,Home & Kitchen,East,5,109.67,UPI,27.0,2.5,548.35
ORD1971,2025-04-28,Beauty,East,5,57.11,UPI,37.0,4.8,285.55
ORD2140,2025-11-12,Electronics,South,5,88.59,Debit Card,36.0,5.2,442.95
ORD2157,2025-09-14,Electronics,South,5,76.41,Cash on Delivery,30.0,3.8,382.05
ORD1872,2025-01-26,Beauty,North,4,161.27500000000003,UPI,37.0,3.0,645.1
ORD2168,2025-11-05,Electronics,West,5,30.55,Cash on Delivery,29.0,4.0,152.75
ORD1507,2025-02-02,Clothing,North,4,45.65,Debit Card,36.0,3.4,182.6
ORD1327,2025-07-11,Home & Kitchen,West,5,52.39,Cash on Delivery,41.0,4.1,261.95
ORD1317,2025-08-14,Beauty,South,6,72.655,Cash on Delivery,30.0,3.3,435.93
ORD1837,2025-06-09,Clothing,West,5,71.7,Credit Card,39.0,3.9,358.5
ORD1974,2025-07-13,Electronics,North,3,65.43,Credit Card,54.0,4.1,196.29
ORD1721,2025-04-29,Clothing,East,7,97.44,Cash on Delivery,42.0,3.5,682.08
ORD1731,2025-03-04,Electronics,West,7,116.45,Cash on Delivery,34.0,2.6,815.15
ORD1799,2025-06-15,Toys,East,9,54.77,UPI,38.0,3.3,492.93
ORD1471,2025-04-04,Beauty,East,5,54.66,Debit Card,61.0,3.3,273.3
ORD1483,2025-09-07,Electronics,North,2,102.99,Credit Card,38.0,5.2,205.98
ORD1785,2025-03-16,Sports,North,9,73.3,Cash on Delivery,15.0,5.1,659.7
ORD1148,2025-06-20,Clothing,West,5,74.08,UPI,23.0,5.7,370.4
ORD1488,2025-10-17,Sports,West,7,35.0,UPI,33.0,2.7,245.0
ORD1999,2025-11-29,Clothing,West,3,54.85,Debit Card,38.0,3.1,164.55
ORD1708,2025-02-04,Electronics,West,5,35.38,UPI,22.0,3.6,176.9
ORD2184,2025-05-08,Clothing,South,6,109.93,Cash on Delivery,46.0,1.6,659.58
ORD2166,2025-02-24,Home & Kitchen,North,4,54.65,Credit Card,35.0,4.4,218.6
ORD1365,2025-05-07,Beauty,North,1,56.56,Debit Card,29.0,3.2,56.56
ORD1912,2025-05-06,Electronics,South,6,82.82,Debit Card,42.0,5.1,496.92
ORD1530,2025-04-25,Toys,North,4,50.14,Debit Card,32.0,4.1,200.56
ORD1820,2025-02-12,Sports,West,2,91.19,Credit Card,42.0,2.9,182.38
ORD1815,2025-09-19,Toys,South,6,42.05,Credit Card,53.0,4.5,252.3
ORD1952,2025-12-16,Home & Kitchen,West,7,144.01,Cash on Delivery,46.0,5.2,1008.07
ORD1569,2025-08-21,Beauty,South,3,59.36,UPI,43.0,4.3,178.08
ORD1232,2025-05-24,Electronics,West,2,28.95,UPI,30.0,3.8,57.9
ORD1956,2025-05-17,Sports,North,7,144.43,Cash on Delivery,60.0,3.8,1011.01
ORD2185,2025-12-30,Clothing,East,4,67.53,Cash on Delivery,35.0,4.0,270.12
ORD1812,2025-12-06,Clothing,West,7,69.77,Debit Card,33.0,2.7,488.39
ORD1590,2025-08-11,Home & Kitchen,South,3,77.33,Cash on Delivery,23.0,2.0,231.99
ORD1158,2025-03-07,Toys,West,6,62.66,Credit Card,59.0,2.4,375.96
ORD1315,2025-10-10,Beauty,North,3,59.84,Debit Card,35.0,2.9,179.52
ORD1256,2025-04-09,Clothing,West,7,24.86,Credit Card,27.0,5.4,174.02
ORD2115,2025-08-31,Toys,East,8,73.0,UPI,58.0,3.1,584.0
ORD1096,2025-11-23,Electronics,North,4,46.34,Debit Card,33.0,3.1,185.36
ORD2183,2025-01-17,Electronics,East,4,66.66,Credit Card,39.0,4.3,266.64
ORD1462,2025-03-17,Electronics,South,4,55.92,Cash on Delivery,17.0,5.3,223.68
ORD1384,2025-11-17,Clothing,West,5,47.88,Debit Card,21.0,4.6,239.4
ORD2108,2025-02-16,Clothing,North,7,100.12,Debit Card,36.0,4.0,700.84
ORD1177,2025-04-26,Home & Kitchen,South,4,161.27500000000003,Debit Card,39.0,4.8,645.1
ORD1474,2025-08-06,Home & Kitchen,North,6,129.24,UPI,49.0,4.0,775.44
ORD1328,2025-02-18,Electronics,West,5,155.72,UPI,31.0,4.4,778.6
ORD1314,2025-09-21,Sports,West,5,140.11,Credit Card,54.0,4.8,700.55
ORD1415,2025-01-05,Home & Kitchen,North,7,120.62,Credit Card,45.0,4.0,844.34
ORD1357,2025-11-19,Toys,West,3,103.19,Debit Card,31.0,5.3,309.57
ORD1347,2025-09-10,Electronics,South,5,56.02,UPI,22.0,3.9,280.1
ORD1504,2025-06-01,Sports,West,5,31.04,Credit Card,36.0,4.4,155.2
ORD1298,2025-03-09,Home & Kitchen,North,6,72.75,Debit Card,38.0,2.9,436.5
ORD2069,2025-04-14,Electronics,North,3,103.34,UPI,39.0,5.9,310.02
ORD2008,2025-06-17,Beauty,West,5,30.76,Credit Card,32.0,3.8,153.8
ORD1788,2025-09-09,Electronics,East,7,42.82,UPI,35.0,4.4,299.74
ORD1705,2025-08-08,Home & Kitchen,East,5,69.07,Debit Card,38.0,4.9,345.35
ORD1960,2025-02-09,Toys,South,6,98.38,Cash on Delivery,32.0,3.3,590.28
ORD1658,2025-06-09,Clothing,East,7,62.5,Cash on Delivery,42.0,3.8,437.5
ORD1249,2025-02-08,Clothing,South,7,47.71,Debit Card,29.0,3.9,333.97
ORD1843,2025-04-02,Beauty,South,6,72.655,Cash on Delivery,53.0,3.4,435.93
ORD1015,2025-05-11,Electronics,North,5,76.51,Debit Card,30.0,4.3,382.55
ORD2144,2025-05-13,Electronics,North,5,92.67,Cash on Delivery,15.0,4.5,463.35
ORD1159,2025-06-19,Home & Kitchen,North,1,39.48,Cash on Delivery,46.0,4.0,39.48
ORD2094,2025-12-19,Sports,West,6,66.23,Cash on Delivery,67.0,4.9,397.38
ORD1610,2025-10-10,Home & Kitchen,East,7,87.8,Debit Card,42.0,3.7,614.6
ORD1360,2025-10-07,Beauty,South,4,59.64,UPI,35.0,3.8,238.56
ORD1048,2025-03-30,Electronics,West,8,112.84,Credit Card,35.0,4.9,902.72
ORD1202,2025-04-23,Clothing,South,4,142.32,Debit Card,36.0,4.7,569.28
ORD1330,2025-06-21,Sports,South,7,70.255,Debit Card,32.0,4.4,491.78
ORD1598,2025-05-26,Electronics,West,8,35.27,UPI,26.0,3.2,282.16
ORD1510,2025-09-25,Beauty,South,6,43.06,Cash on Delivery,52.0,4.1,258.36
ORD1112,2025-11-24,Electronics,West,8,49.41,Debit Card,35.0,3.6,395.28
ORD1338,2025-10-07,Beauty,East,4,72.88,UPI,40.0,3.6,291.52
ORD1307,2025-01-22,Sports,East,5,67.87,Cash on Delivery,37.0,5.0,339.35
ORD1789,2025-08-14,Home & Kitchen,South,3,55.18,Cash on Delivery,30.0,5.2,165.54
ORD1422,2025-12-21,Clothing,North,7,81.91,UPI,37.0,4.2,573.37
ORD1416,2025-04-13,Electronics,East,4,39.83,UPI,39.0,4.3,159.32
ORD1951,2025-11-14,Sports,East,2,64.57,UPI,27.0,4.0,129.14
ORD1410,2025-04-11,Beauty,East,3,115.69,UPI,32.0,4.4,347.07
ORD1980,2025-05-13,Electronics,West,3,66.81,Credit Card,23.0,4.0,200.43
ORD1791,2025-11-02,Clothing,North,4,83.36,Credit Card,36.0,4.6,333.44
ORD1855,2025-03-19,Electronics,North,5,49.82,Credit Card,49.0,3.8,249.1
ORD1644,2025-02-27,Clothing,East,6,92.45,Cash on Delivery,26.0,3.5,554.7
ORD1395,2025-06-02,Clothing,East,6,42.6,UPI,33.0,4.3,255.6
ORD1667,2025-08-17,Home & Kitchen,West,2,35.05,Credit Card,45.0,4.2,70.1
ORD1459,2025-10-05,Sports,West,4,152.95,Cash on Delivery,25.0,4.6,611.8
ORD1655,2025-02-27,Sports,East,6,80.36,Credit Card,26.0,4.5,482.16
ORD1127,2025-09-14,Clothing,East,5,71.7,Debit Card,38.0,3.6,358.5
ORD2057,2025-01-14,Electronics,East,6,63.93,Cash on Delivery,48.0,3.7,383.58
ORD2189,2025-06-01,Sports,East,4,75.85,Cash on Delivery,19.0,3.3,303.4
ORD2092,2025-05-03,Home & Kitchen,West,5,39.09,Cash on Delivery,29.0,3.4,195.45
ORD1773,2025-02-23,Clothing,North,3,64.56,Credit Card,21.0,4.2,193.68
ORD1449,2025-04-06,Electronics,North,4,158.35,UPI,40.0,3.9,633.4
ORD1237,2025-11-22,Sports,South,8,49.29,Credit Card,15.0,4.0,394.32
ORD1167,2025-12-06,Beauty,North,3,61.33,UPI,45.0,2.7,183.99
ORD1782,2025-08-17,Home & Kitchen,West,4,75.81,Credit Card,48.0,3.6,303.24
ORD1635,2025-12-12,Sports,East,4,55.28,Cash on Delivery,41.0,4.4,221.12
ORD1080,2025-10-23,Beauty,East,4,47.32,Cash on Delivery,36.0,3.8,189.28
ORD1414,2025-04-18,Sports,West,3,33.69,Cash on Delivery,37.0,3.5,101.07
ORD1669,2025-08-15,Beauty,North,4,103.81,UPI,41.0,4.2,415.24
ORD1300,2025-10-04,Beauty,East,3,161.27500000000003,Debit Card,38.0,3.7,483.83
ORD1642,2025-08-08,Home & Kitchen,South,2,121.19,Credit Card,15.0,4.0,242.38
ORD1324,2025-05-27,Electronics,West,4,108.9,Credit Card,17.0,3.3,435.6
ORD1935,2025-06-29,Clothing,North,3,138.8,UPI,48.0,3.8,416.4
ORD1215,2025-02-22,Clothing,West,2,144.41,Debit Card,22.0,4.3,288.82
ORD1621,2025-05-25,Sports,East,5,63.12,UPI,21.0,3.6,315.6
ORD1030,2025-02-28,Clothing,South,3,72.61,Debit Card,35.0,4.7,217.83
ORD1752,2025-05-25,Electronics,West,5,27.78,Cash on Delivery,36.0,3.3,138.9
ORD1242,2025-12-12,Clothing,West,2,62.54,Credit Card,53.0,3.5,125.08
ORD1729,2025-12-07,Home & Kitchen,West,7,74.19,Credit Card,15.0,4.9,519.33
ORD1640,2025-05-21,Beauty,North,4,49.97,Cash on Delivery,36.0,3.9,199.88
ORD1335,2025-04-09,Home & Kitchen,North,7,47.29,Cash on Delivery,49.0,3.5,331.03
ORD2005,2025-05-18,Clothing,East,6,92.89,UPI,19.0,4.5,557.34
ORD1209,2025-02-23,Electronics,South,3,61.91,UPI,29.0,4.7,185.73
ORD1547,2025-06-01,Electronics,South,4,63.86,Credit Card,38.0,3.3,255.44
ORD1435,2025-04-02,Electronics,West,2,45.41,Debit Card,34.0,4.6,90.82
ORD2141,2025-06-20,Beauty,West,6,93.48,UPI,35.0,4.4,560.88
ORD2109,2025-11-20,Home & Kitchen,East,4,73.89,Cash on Delivery,29.0,2.9,295.56
ORD1403,2025-12-08,Beauty,West,4,84.07,Cash on Delivery,46.0,4.5,336.28
ORD1362,2025-10-15,Electronics,North,3,89.84,Credit Card,31.0,3.1,269.52
ORD1271,2025-04-09,Clothing,East,2,92.95,Credit Card,35.0,5.3,185.9
ORD1466,2025-07-04,Sports,South,3,161.27500000000003,Cash on Delivery,35.0,4.2,483.83
ORD2084,2025-04-07,Beauty,East,4,74.92,Cash on Delivery,22.0,4.0,299.68
ORD1777,2025-11-09,Sports,East,5,64.25,UPI,33.0,3.9,321.25
ORD1277,2025-02-23,Beauty,South,5,28.81,Debit Card,15.0,3.0,144.05
ORD2082,2025-06-06,Sports,North,4,78.91,Cash on Delivery,37.0,4.0,315.64
ORD2158,2025-10-29,Electronics,West,8,73.1,Cash on Delivery,37.0,4.0,584.8
ORD2148,2025-04-16,Home & Kitchen,North,2,122.05,Cash on Delivery,35.0,4.0,244.1
ORD1697,2025-08-08,Sports,West,5,54.39,Credit Card,37.0,3.6,271.95
ORD1442,2025-05-07,Home & Kitchen,North,4,145.23,Cash on Delivery,19.0,3.8,580.92
ORD1299,2025-10-16,Home & Kitchen,East,1,77.22,Credit Card,31.0,4.0,77.22
ORD1375,2025-01-26,Clothing,North,6,45.15,Credit Card,46.0,4.0,270.9
ORD1663,2025-03-21,Clothing,North,6,88.44,UPI,38.0,6.2,530.64
ORD2181,2025-07-29,Home & Kitchen,North,5,38.79,Cash on Delivery,32.0,4.7,193.95
ORD1611,2025-05-02,Sports,North,2,70.255,Debit Card,35.0,4.5,140.51
ORD1472,2025-08-26,Home & Kitchen,East,5,87.06,Credit Card,48.0,4.0,435.3
ORD1851,2025-01-12,Home & Kitchen,East,3,24.88,UPI,15.0,4.0,74.64
ORD2102,2025-07-03,Beauty,West,5,27.99,UPI,26.0,3.4,139.95
ORD1388,2025-04-02,Toys,North,3,88.0,UPI,37.0,4.8,264.0
ORD1022,2025-10-04,Home & Kitchen,North,3,31.54,Debit Card,39.0,3.0,94.62
ORD1700,2025-08-16,Sports,East,3,69.43,Cash on Delivery,56.0,2.9,208.29
ORD1915,2025-05-25,Beauty,North,7,84.23,UPI,37.0,3.0,589.61
ORD1423,2025-11-07,Home & Kitchen,East,4,58.96,Cash on Delivery,37.0,4.0,235.84
ORD2087,2025-07-15,Home & Kitchen,South,3,89.39,Credit Card,40.0,5.2,268.17
ORD1743,2025-12-17,Home & Kitchen,South,6,77.55,Debit Card,42.0,4.0,465.3
ORD1955,2025-11-07,Electronics,South,7,63.44,Credit Card,49.0,4.7,444.08
ORD1142,2025-02-21,Electronics,North,4,70.58,Cash on Delivery,47.0,3.4,282.32
ORD1050,2025-01-14,Sports,East,5,29.52,Credit Card,30.0,3.5,147.6
ORD1720,2025-01-05,Clothing,East,4,118.12,UPI,54.0,3.7,472.48
ORD1760,2025-10-15,Electronics,South,4,65.33,UPI,16.0,5.3,261.32
ORD1081,2025-08-01,Home & Kitchen,South,4,161.27500000000003,Cash on Delivery,52.0,3.4,645.1
ORD1482,2025-01-23,Beauty,North,5,89.83,UPI,32.0,4.7,449.15
ORD1321,2025-10-11,Electronics,East,5,101.85,Credit Card,26.0,4.7,509.25
ORD2002,2025-06-27,Home & Kitchen,East,1,88.21,Cash on Delivery,43.0,4.0,88.21
ORD1718,2025-09-08,Beauty,West,4,56.65,Debit Card,19.0,3.7,226.6
ORD1135,2025-12-12,Clothing,East,3,108.0,Cash on Delivery,36.0,4.4,324.0
ORD1066,2025-09-17,Beauty,North,9,144.25,Cash on Delivery,59.0,5.4,1298.25
ORD1959,2025-01-31,Electronics,East,4,42.38,Cash on Delivery,47.0,3.0,169.52
ORD1936,2025-10-09,Sports,North,6,161.27500000000003,UPI,40.0,3.7,967.65
ORD1771,2025-11-02,Sports,South,4,24.29,UPI,22.0,2.9,97.16
ORD1417,2025-07-15,Home & Kitchen,West,6,124.23,Cash on Delivery,30.0,2.1,745.38
ORD2167,2025-05-29,Beauty,South,6,131.19,Cash on Delivery,53.0,3.2,787.14
ORD1064,2025-02-23,Home & Kitchen,West,8,55.95,Cash on Delivery,28.0,3.4,447.6
ORD1943,2025-05-30,Sports,East,4,81.06,Cash on Delivery,35.0,4.9,324.24
ORD1934,2025-01-06,Beauty,North,4,18.72,Debit Card,54.0,3.5,74.88
ORD2103,2025-01-15,Sports,East,3,70.255,UPI,25.0,4.0,210.76
ORD1491,2025-09-07,Sports,South,6,40.4,Credit Card,28.0,4.7,242.4
ORD1732,2025-08-05,Sports,South,3,69.42,Credit Card,54.0,3.0,208.26
ORD1835,2025-06-04,Clothing,South,3,55.74,Debit Card,50.0,4.0,167.22
ORD1065,2025-04-16,Beauty,West,7,67.18,Debit Card,15.0,4.7,470.26
ORD2022,2025-11-14,Electronics,East,4,78.41,Cash on Delivery,33.0,4.9,313.64
ORD1595,2025-08-09,Electronics,North,6,53.67,Debit Card,43.0,4.5,322.02
ORD2012,2025-11-15,Beauty,South,9,80.36,Debit Card,42.0,4.3,723.24
ORD1296,2025-06-18,Beauty,East,3,85.13,UPI,37.0,3.6,255.39
ORD1419,2025-12-31,Home & Kitchen,North,3,70.86,UPI,22.0,3.7,212.58
ORD1438,2025-08-17,Electronics,West,4,37.46,UPI,41.0,4.0,149.84
ORD1261,2025-04-22,Toys,West,3,161.27500000000003,Credit Card,20.0,3.1,483.83
ORD1725,2025-08-12,Home & Kitchen,East,4,71.36,Debit Card,44.0,3.4,285.44
ORD1281,2025-03-16,Toys,East,5,111.1,Debit Card,35.0,3.7,555.5
ORD1858,2025-03-14,Toys,West,5,109.21,Credit Card,33.0,4.5,546.05
ORD1882,2025-05-07,Clothing,South,7,128.2,Cash on Delivery,29.0,4.5,897.4
ORD1188,2025-06-21,Clothing,North,4,101.89,Credit Card,36.0,4.9,407.56
ORD1929,2025-09-21,Clothing,East,8,106.31,Cash on Delivery,24.0,4.2,850.48
ORD1251,2025-12-26,Sports,East,4,38.12,UPI,30.0,3.6,152.48
ORD1783,2025-12-07,Toys,North,2,86.29,Debit Card,21.0,4.0,172.58
ORD2123,2025-09-11,Clothing,North,5,89.25,Debit Card,32.0,4.9,446.25
ORD1514,2025-11-26,Home & Kitchen,East,2,73.55,Credit Card,19.0,3.2,147.1
ORD1618,2025-12-31,Electronics,South,5,55.02,Debit Card,29.0,3.6,275.1
ORD1487,2025-04-10,Beauty,East,8,62.21,UPI,27.0,5.2,497.68
ORD1273,2025-10-31,Home & Kitchen,West,3,140.81,Credit Card,34.0,3.4,422.43
ORD1996,2025-10-20,Electronics,West,9,117.61,Credit Card,36.0,3.1,1058.49
ORD2190,2025-01-25,Electronics,North,7,114.31,UPI,17.0,3.8,800.17
ORD1448,2025-10-17,Electronics,West,5,90.87,Credit Card,27.0,3.9,454.35
ORD1411,2025-09-21,Home & Kitchen,North,6,42.15,Cash on Delivery,31.0,3.2,252.9
ORD1887,2025-03-19,Toys,East,4,38.12,Credit Card,28.0,3.5,152.48
ORD1750,2025-07-21,Sports,East,4,83.75,Cash on Delivery,36.0,3.0,335.0
ORD1970,2025-05-14,Sports,West,3,55.95,UPI,33.0,2.7,167.85
ORD1986,2025-08-13,Electronics,East,5,52.51,Cash on Delivery,32.0,3.2,262.55
ORD1149,2025-01-29,Beauty,West,5,72.655,Cash on Delivery,47.0,2.9,363.28
ORD1218,2025-06-09,Home & Kitchen,East,7,41.72,Credit Card,18.0,2.7,292.04
ORD1239,2025-09-16,Toys,East,3,84.18,Debit Card,37.0,4.2,252.54
ORD1751,2025-03-24,Toys,North,5,72.98,Credit Card,32.0,3.9,364.9
ORD1192,2025-04-06,Clothing,South,4,85.84,Credit Card,35.0,4.0,343.36
ORD1191,2025-06-09,Home & Kitchen,South,6,82.07,Credit Card,30.0,3.5,492.42
ORD2060,2025-05-05,Home & Kitchen,South,1,49.16,UPI,35.0,3.2,49.16
ORD1736,2025-06-26,Electronics,West,6,82.71,Cash on Delivery,28.0,3.6,496.26
ORD1704,2025-07-31,Toys,North,6,60.88,UPI,40.0,4.6,365.28
ORD1737,2025-04-08,Sports,South,4,49.2,Cash on Delivery,52.0,4.2,196.8
ORD1623,2025-08-05,Sports,North,3,67.81,Credit Card,31.0,4.8,203.43
ORD1977,2025-01-26,Beauty,East,7,161.27500000000003,UPI,35.0,3.5,1128.93
ORD1740,2025-11-07,Clothing,East,6,44.81,Cash on Delivery,27.0,2.3,268.86
ORD1582,2025-05-31,Electronics,East,8,76.95,Debit Card,15.0,4.7,615.6
ORD2131,2025-12-12,Beauty,North,4,149.09,Debit Card,27.0,3.6,596.36
ORD1323,2025-10-31,Sports,East,2,67.9,Credit Card,15.0,3.3,135.8
ORD1968,2025-01-04,Electronics,South,2,93.23,Debit Card,29.0,4.3,186.46
ORD1893,2025-11-08,Home & Kitchen,West,7,86.04,Credit Card,43.0,5.5,602.28
ORD1687,2025-01-08,Clothing,East,6,130.32,UPI,15.0,4.0,781.92
ORD1437,2025-12-12,Toys,South,4,75.31,Credit Card,35.0,3.1,301.24
ORD1806,2025-05-13,Electronics,East,3,62.24,Debit Card,29.0,5.0,186.72
ORD1876,2025-04-23,Electronics,West,6,24.06,Cash on Delivery,45.0,4.0,144.36
ORD1341,2025-06-30,Clothing,East,5,129.28,UPI,42.0,3.9,646.4
ORD1002,2025-09-28,Electronics,East,6,96.43,Cash on Delivery,17.0,2.8,578.58
ORD1229,2025-04-08,Clothing,North,5,86.51,Credit Card,50.0,4.0,432.55
ORD1739,2025-04-09,Home & Kitchen,East,6,54.15,Cash on Delivery,15.0,3.4,324.9
ORD2177,2025-01-25,Beauty,North,6,64.77,Credit Card,18.0,4.0,388.62
ORD1076,2025-09-28,Clothing,South,4,60.71,Cash on Delivery,34.0,4.0,242.84
ORD2126,2025-02-07,Electronics,East,5,86.36,Debit Card,26.0,5.0,431.8
ORD1371,2025-06-25,Home & Kitchen,West,6,85.86,Cash on Delivery,51.0,4.2,515.16
ORD1180,2025-12-25,Sports,East,4,161.27500000000003,UPI,28.0,3.7,645.1
ORD1744,2025-05-13,Toys,North,6,72.0,Cash on Delivery,35.0,3.1,432.0
ORD1577,2025-05-24,Electronics,South,7,121.15,Credit Card,28.0,3.1,848.05
ORD1769,2025-04-28,Home & Kitchen,South,3,161.27500000000003,Credit Card,25.0,4.4,483.83
ORD1794,2025-10-13,Toys,West,4,87.93,Credit Card,28.0,4.5,351.72
ORD2044,2025-01-05,Electronics,West,2,48.64,UPI,26.0,4.0,97.28
ORD2035,2025-09-24,Home & Kitchen,South,4,161.27500000000003,Credit Card,32.0,3.5,645.1
ORD1869,2025-02-17,Sports,East,6,73.67,Cash on Delivery,24.0,2.3,442.02
ORD1589,2025-07-05,Beauty,West,2,110.84,Credit Card,24.0,3.0,221.68
ORD2045,2025-12-05,Home & Kitchen,South,5,16.29,Credit Card,49.0,3.0,81.45
ORD1853,2025-02-15,Electronics,West,5,102.07,UPI,46.0,4.0,510.35
ORD2010,2025-03-25,Clothing,North,5,71.51,Cash on Delivery,28.0,4.0,357.55
ORD1930,2025-08-24,Home & Kitchen,North,3,85.37,Credit Card,33.0,5.0,256.11
ORD1037,2025-12-30,Sports,East,1,146.64,Credit Card,44.0,5.0,146.64
ORD1353,2025-10-08,Sports,North,6,43.4,UPI,38.0,4.0,260.4
ORD2118,2025-10-26,Sports,East,3,63.22,Debit Card,32.0,4.0,189.66
ORD1236,2025-07-06,Clothing,East,4,71.89,UPI,31.0,5.0,287.56
ORD2067,2025-08-13,Clothing,East,5,71.7,Credit Card,30.0,5.2,358.5
ORD1499,2025-12-02,Electronics,South,3,111.92,Cash on Delivery,41.0,2.6,335.76
ORD1553,2025-07-02,Home & Kitchen,North,7,90.42,Debit Card,51.0,4.4,632.94
ORD1055,2025-12-06,Electronics,North,2,53.71,Debit Card,35.0,5.0,107.42
ORD1302,2025-05-15,Sports,North,5,70.07,Cash on Delivery,50.0,4.0,350.35
ORD1286,2025-08-15,Electronics,North,7,70.58,Cash on Delivery,38.0,3.5,494.06
ORD2051,2025-02-11,Clothing,East,4,103.99,Debit Card,35.0,3.7,415.96
ORD1219,2025-07-17,Sports,West,7,28.77,Debit Card,17.0,3.4,201.39
ORD1664,2025-08-01,Clothing,South,5,27.29,Credit Card,32.0,5.2,136.45
ORD1387,2025-05-23,Clothing,South,8,10.56,Credit Card,29.0,3.4,84.48
ORD1770,2025-09-16,Beauty,North,3,58.65,Debit Card,32.0,4.9,175.95
ORD1390,2025-11-18,Beauty,South,2,33.25,UPI,39.0,4.3,66.5
ORD1352,2025-01-18,Clothing,East,3,122.29,UPI,34.0,4.0,366.87
ORD1193,2025-08-21,Electronics,South,5,29.36,Credit Card,17.0,3.9,146.8
ORD1235,2025-05-04,Home & Kitchen,East,3,53.32,Debit Card,42.0,4.0,159.96
ORD2061,2025-12-19,Electronics,East,6,95.5,Debit Card,24.0,5.7,573.0
ORD1567,2025-06-26,Beauty,North,4,97.37,Credit Card,27.0,2.7,389.48
ORD1116,2025-03-03,Home & Kitchen,East,4,49.07,UPI,48.0,4.6,196.28
ORD1982,2025-04-28,Sports,North,5,94.62,UPI,27.0,5.0,473.1
ORD1653,2025-04-27,Electronics,South,7,119.05,Debit Card,35.0,4.9,833.35
ORD2011,2025-11-17,Beauty,South,7,28.27,Credit Card,37.0,3.5,197.89
ORD2129,2025-01-23,Electronics,East,2,118.88,Credit Card,22.0,5.2,237.76
ORD1801,2025-01-30,Beauty,North,5,161.27500000000003,Credit Card,15.0,3.8,806.38
ORD1813,2025-03-10,Clothing,North,3,71.7,Cash on Delivery,34.0,4.0,215.1
ORD1120,2025-06-21,Electronics,West,4,7.91,Credit Card,38.0,4.6,31.64
ORD1856,2025-08-06,Electronics,North,6,70.58,Cash on Delivery,41.0,4.7,423.48
ORD2041,2025-10-18,Beauty,West,5,60.39,UPI,30.0,3.6,301.95
ORD2165,2025-11-15,Beauty,East,3,96.53,Debit Card,49.0,3.6,289.59
ORD1062,2025-12-26,Electronics,South,7,55.87,Debit Card,35.0,3.8,391.09
ORD1696,2025-01-28,Electronics,West,4,46.0,Cash on Delivery,18.0,3.1,184.0
ORD1453,2025-03-30,Sports,North,4,22.38,Debit Card,36.0,3.9,89.52
ORD1515,2025-02-12,Beauty,West,2,73.31,Credit Card,22.0,3.1,146.62
ORD1570,2025-03-17,Electronics,East,5,61.26,Credit Card,26.0,4.9,306.3
ORD1223,2025-07-03,Clothing,West,6,75.83,Debit Card,40.0,4.8,454.98
ORD1613,2025-01-05,Home & Kitchen,South,7,111.42,Debit Card,55.0,4.2,779.94
ORD1221,2025-11-20,Toys,South,4,36.64,Debit Card,49.0,5.3,146.56
ORD1703,2025-07-20,Clothing,West,2,85.96,Debit Card,32.0,4.2,171.92
ORD1830,2025-07-03,Clothing,West,4,65.41,Credit Card,35.0,2.1,261.64
ORD1465,2025-03-27,Beauty,East,8,58.99,Debit Card,41.0,4.3,471.92
ORD1052,2025-09-22,Beauty,West,9,161.27500000000003,Credit Card,24.0,4.2,1451.48
ORD2116,2025-10-19,Sports,South,4,70.255,Debit Card,40.0,3.2,281.02
ORD1485,2025-09-03,Clothing,South,3,84.56,Debit Card,25.0,3.9,253.68
ORD2163,2025-11-09,Clothing,East,4,57.78,Cash on Delivery,28.0,4.4,231.12
ORD1964,2025-01-06,Clothing,South,5,35.84,UPI,41.0,4.3,179.2
ORD1155,2025-08-31,Electronics,South,3,49.22,Credit Card,33.0,5.2,147.66
ORD1962,2025-02-05,Clothing,South,2,161.27500000000003,Credit Card,19.0,4.3,322.55
ORD1600,2025-03-17,Toys,West,6,46.59,Cash on Delivery,32.0,5.9,279.54
ORD1920,2025-03-08,Home & Kitchen,East,5,107.35,Credit Card,38.0,3.6,536.75
ORD1248,2025-05-08,Toys,East,5,40.03,UPI,43.0,4.2,200.15
ORD1441,2025-10-06,Sports,East,5,78.01,Credit Card,45.0,4.0,390.05
ORD2106,2025-09-18,Home & Kitchen,East,4,28.39,Credit Card,46.0,2.7,113.56
ORD2119,2025-10-10,Beauty,West,6,84.59,Debit Card,19.0,4.0,507.54
ORD1542,2025-08-15,Toys,North,8,138.37,UPI,20.0,2.5,1106.96
ORD1701,2025-07-11,Electronics,South,7,70.58,Cash on Delivery,19.0,4.3,494.06
ORD1117,2025-08-04,Electronics,North,1,56.95,Credit Card,42.0,3.3,56.95
ORD1757,2025-06-22,Electronics,East,5,65.96,UPI,65.0,4.3,329.8
ORD1628,2025-09-09,Beauty,West,2,27.09,Cash on Delivery,37.0,3.8,54.18
ORD2182,2025-12-13,Toys,West,2,86.44,Credit Card,40.0,4.5,172.88
ORD1967,2025-03-16,Electronics,West,5,91.26,Cash on Delivery,26.0,3.0,456.3
ORD1291,2025-12-04,Home & Kitchen,West,5,124.8,UPI,40.0,3.3,624.0
ORD2063,2025-03-04,Electronics,South,2,109.96,Credit Card,35.0,3.4,219.92
ORD1381,2025-02-05,Electronics,North,3,27.83,Cash on Delivery,42.0,4.7,83.49
ORD1907,2025-07-21,Clothing,East,6,147.78,Credit Card,31.0,5.0,886.68
ORD1953,2025-04-05,Sports,South,7,64.6,UPI,50.0,3.8,452.2
ORD1200,2025-04-23,Home & Kitchen,West,1,111.96,Debit Card,52.0,5.3,111.96
ORD1596,2025-08-23,Clothing,East,5,46.27,Debit Card,40.0,5.4,231.35
ORD2026,2025-03-17,Electronics,North,6,70.58,Cash on Delivery,42.0,3.2,423.48
ORD2160,2025-12-12,Clothing,West,7,101.86,Cash on Delivery,34.0,3.0,713.02
ORD1838,2025-03-02,Electronics,East,4,78.36,Cash on Delivery,38.0,3.4,313.44
ORD1899,2025-08-27,Clothing,West,6,117.19,Cash on Delivery,42.0,3.5,703.14
ORD1505,2025-06-27,Home & Kitchen,North,6,88.71,Debit Card,40.0,5.2,532.26
ORD1348,2025-06-10,Clothing,East,4,139.46,Credit Card,43.0,4.3,557.84
ORD1969,2025-12-01,Electronics,North,5,50.14,Debit Card,58.0,3.5,250.7
ORD1340,2025-10-29,Toys,South,5,95.31,Debit Card,35.0,4.4,476.55
ORD1615,2025-06-14,Toys,East,4,42.34,UPI,23.0,3.7,169.36
ORD1154,2025-07-06,Clothing,South,10,161.27500000000003,Debit Card,49.0,4.6,1612.75
ORD2127,2025-05-14,Clothing,North,7,75.47,UPI,23.0,3.5,528.29
ORD1798,2025-09-06,Toys,North,3,73.0,Credit Card,33.0,3.5,219.0
ORD1077,2025-08-03,Toys,West,4,73.0,Cash on Delivery,15.0,4.2,292.0
ORD1287,2025-04-22,Clothing,North,4,43.91,UPI,48.0,3.3,175.64
ORD1322,2025-11-13,Clothing,South,5,65.07,Debit Card,47.0,4.9,325.35
ORD1860,2025-09-06,Toys,East,6,75.7,Debit Card,40.0,3.7,454.2
ORD1900,2025-10-01,Beauty,South,4,125.92,UPI,33.0,2.8,503.68
ORD1833,2025-12-18,Beauty,North,1,161.27500000000003,Debit Card,38.0,4.1,161.28
ORD1082,2025-07-27,Beauty,North,6,54.64,Debit Card,15.0,4.2,327.84
ORD1829,2025-12-26,Beauty,East,6,80.18,Cash on Delivery,35.0,4.4,481.08
ORD1464,2025-05-24,Sports,North,5,31.29,Debit Card,28.0,2.9,156.45
ORD1883,2025-02-25,Electronics,South,5,94.61,UPI,19.0,3.7,473.05
ORD1792,2025-04-08,Sports,North,4,94.52,UPI,48.0,5.1,378.08
ORD2194,2025-06-10,Sports,West,6,70.255,Debit Card,32.0,5.4,421.53
ORD1832,2025-07-14,Beauty,East,6,47.46,UPI,42.0,3.4,284.76
ORD1333,2025-02-15,Clothing,South,4,39.69,Debit Card,35.0,2.8,158.76
ORD1010,2025-11-27,Electronics,South,3,126.47,UPI,39.0,4.3,379.41
ORD1738,2025-04-15,Sports,North,6,92.55,Debit Card,35.0,4.0,555.3
ORD1470,2025-02-16,Electronics,South,3,44.81,Credit Card,31.0,4.8,134.43
ORD1032,2025-07-07,Sports,South,9,69.93,UPI,43.0,4.4,629.37
ORD1818,2025-05-06,Clothing,South,4,61.92,Debit Card,38.0,4.0,247.68
ORD1413,2025-03-01,Electronics,West,7,49.96,Credit Card,40.0,4.6,349.72
ORD1580,2025-01-25,Clothing,North,4,33.3,Debit Card,57.0,5.1,133.2
ORD1382,2025-06-22,Home & Kitchen,West,5,61.43,Credit Card,43.0,4.0,307.15
ORD1863,2025-08-02,Home & Kitchen,East,3,74.19,UPI,27.0,1.3,222.57
ORD1796,2025-12-13,Clothing,West,5,42.22,Credit Card,50.0,4.2,211.1
ORD2156,2025-09-24,Toys,East,3,32.41,UPI,60.0,5.4,97.23
ORD1877,2025-12-21,Sports,North,5,31.64,UPI,55.0,4.0,158.2
ORD2162,2025-07-01,Toys,East,7,105.47,Debit Card,34.0,3.4,738.29
ORD1378,2025-01-13,Sports,East,5,99.92,Cash on Delivery,21.0,3.2,499.6
ORD1089,2025-07-07,Clothing,South,8,71.7,Cash on Delivery,27.0,3.7,573.6
ORD1828,2025-01-08,Electronics,West,5,55.73,Debit Card,32.0,4.0,278.65
ORD1601,2025-01-09,Electronics,North,7,23.56,UPI,54.0,5.8,164.92
ORD1213,2025-05-06,Beauty,North,4,25.13,Debit Card,16.0,2.7,100.52
ORD1332,2025-06-07,Sports,East,4,42.16,Cash on Delivery,25.0,4.2,168.64
ORD1133,2025-07-26,Electronics,North,5,120.77,UPI,50.0,5.1,603.85
ORD1346,2025-07-10,Sports,East,9,61.57,Cash on Delivery,22.0,3.4,554.13
ORD1898,2025-12-29,Clothing,South,6,59.6,Credit Card,46.0,4.4,357.6
ORD1007,2025-04-13,Toys,North,4,107.7,Credit Card,35.0,2.5,430.8
ORD1881,2025-10-30,Electronics,North,4,45.75,Debit Card,54.0,2.9,183.0
ORD1320,2025-04-07,Beauty,South,2,69.27,UPI,26.0,4.2,138.54
ORD2080,2025-10-16,Sports,South,4,41.04,UPI,28.0,4.0,164.16
ORD1187,2025-08-22,Beauty,West,3,62.42,Debit Card,39.0,4.3,187.26
ORD1634,2025-07-21,Clothing,South,5,32.84,Cash on Delivery,27.0,5.4,164.2
ORD1552,2025-09-25,Electronics,South,6,74.43,Debit Card,38.0,4.4,446.58
ORD1304,2025-05-08,Clothing,East,5,100.64,Debit Card,30.0,3.4,503.2
ORD1031,2025-06-19,Clothing,East,6,135.72,Debit Card,37.0,4.3,814.32
ORD1875,2025-01-08,Toys,East,8,148.36,Debit Card,17.0,4.3,1186.88
ORD1684,2025-09-29,Home & Kitchen,East,4,81.04,UPI,38.0,3.9,324.16
ORD2088,2025-03-27,Sports,East,2,58.93,Cash on Delivery,25.0,3.8,117.86
ORD1240,2025-05-28,Beauty,North,5,161.27500000000003,UPI,30.0,4.0,806.38
ORD1067,2025-11-06,Clothing,East,5,87.56,Credit Card,45.0,5.0,437.8
ORD1174,2025-08-13,Sports,West,6,123.04,Debit Card,47.0,3.2,738.24
ORD1766,2025-06-03,Electronics,East,3,52.72,Debit Card,21.0,3.6,158.16
ORD2193,2025-12-10,Toys,West,4,100.36,Credit Card,15.0,4.1,401.44
ORD1245,2025-12-18,Home & Kitchen,North,4,100.4,UPI,18.0,3.5,401.6
ORD1056,2025-04-02,Clothing,West,3,22.01,Cash on Delivery,32.0,2.5,66.03
ORD1630,2025-12-30,Home & Kitchen,East,6,134.45,UPI,17.0,3.5,806.7
ORD1583,2025-05-24,Electronics,North,7,100.11,Debit Card,35.0,3.4,700.77
ORD2047,2025-03-03,Clothing,South,1,90.38,Cash on Delivery,35.0,4.5,90.38
ORD1145,2025-08-19,Home & Kitchen,West,5,56.98,UPI,30.0,3.9,284.9
ORD1090,2025-02-10,Electronics,West,1,95.33,UPI,38.0,4.0,95.33
ORD2137,2025-07-29,Home & Kitchen,North,4,98.28,Debit Card,53.0,4.5,393.12
ORD1392,2025-08-03,Electronics,North,2,37.26,Cash on Delivery,48.0,3.9,74.52
ORD1892,2025-07-06,Home & Kitchen,West,4,98.76,Credit Card,35.0,4.5,395.04
ORD1682,2025-11-26,Clothing,West,7,50.88,Credit Card,36.0,3.9,356.16
ORD1310,2025-02-07,Sports,West,5,64.9,Cash on Delivery,16.0,4.0,324.5
ORD1359,2025-06-23,Electronics,West,2,39.84,UPI,36.0,5.4,79.68
ORD1093,2025-10-28,Home & Kitchen,East,5,95.66,UPI,44.0,5.1,478.3
ORD2128,2025-07-19,Clothing,East,5,62.96,UPI,36.0,5.4,314.8
ORD2046,2025-03-19,Electronics,South,6,39.33,Cash on Delivery,37.0,3.4,235.98
ORD1376,2025-12-21,Electronics,East,7,90.05,Cash on Delivery,40.0,4.5,630.35
ORD1243,2025-05-27,Beauty,West,5,55.86,Debit Card,15.0,3.5,279.3
ORD1087,2025-08-05,Home & Kitchen,West,7,92.12,UPI,33.0,3.8,644.84
ORD1214,2025-05-10,Toys,North,4,63.25,Cash on Delivery,44.0,3.8,253.0
ORD1444,2025-02-27,Clothing,South,5,75.1,Debit Card,35.0,3.4,375.5
ORD1173,2025-07-09,Electronics,South,4,128.72,Cash on Delivery,25.0,5.2,514.88
ORD1425,2025-05-24,Electronics,East,5,100.36,Cash on Delivery,16.0,4.5,501.8
ORD2062,2025-01-23,Beauty,East,3,61.23,Cash on Delivery,41.0,2.5,183.69
ORD1118,2025-10-20,Electronics,East,5,99.51,Debit Card,30.0,4.1,497.55
ORD1119,2025-04-09,Sports,East,2,55.14,Cash on Delivery,18.0,3.9,110.28
ORD2034,2025-11-24,Sports,West,5,81.65,Cash on Delivery,53.0,6.0,408.25
ORD2095,2025-04-28,Beauty,South,7,101.24,Credit Card,35.0,4.4,708.68
ORD1000,2025-04-13,Electronics,East,4,68.52,Cash on Delivery,29.0,3.9,274.08
ORD1394,2025-02-20,Sports,East,6,67.39,Cash on Delivery,29.0,4.2,404.34
ORD1401,2025-11-10,Beauty,East,6,105.19,Credit Card,35.0,4.2,631.14
ORD1404,2025-11-01,Beauty,East,3,41.83,Credit Card,36.0,3.2,125.49
ORD1879,2025-06-29,Clothing,West,7,52.53,Cash on Delivery,29.0,3.6,367.71
ORD1890,2025-06-03,Clothing,West,6,57.0,Debit Card,26.0,3.2,342.0
ORD1162,2025-05-14,Beauty,South,7,68.03,UPI,25.0,3.4,476.21
ORD1114,2025-02-02,Clothing,East,8,66.27,Debit Card,54.0,4.1,530.16
ORD1670,2025-05-27,Beauty,East,4,67.13,Debit Card,29.0,3.9,268.52
ORD1150,2025-02-05,Beauty,East,5,69.02,Debit Card,32.0,2.5,345.1
ORD1841,2025-10-04,Toys,East,5,9.79,Cash on Delivery,35.0,4.3,48.95
ORD1981,2025-11-22,Electronics,South,6,71.52,UPI,42.0,4.1,429.12
ORD1561,2025-03-03,Electronics,North,3,72.26,Cash on Delivery,36.0,4.8,216.78
ORD1368,2025-04-14,Clothing,West,6,101.14,Cash on Delivery,49.0,5.5,606.84
ORD1543,2025-06-26,Clothing,East,6,136.1,Cash on Delivery,43.0,4.4,816.6
ORD1477,2025-04-10,Sports,South,7,37.58,UPI,22.0,3.6,263.06
ORD2151,2025-02-20,Electronics,North,4,38.57,Debit Card,37.0,4.5,154.28
ORD1532,2025-07-15,Beauty,North,6,92.31,Cash on Delivery,26.0,4.5,553.86
ORD1625,2025-05-12,Electronics,East,3,36.51,Debit Card,23.0,4.7,109.53
ORD2021,2025-03-10,Sports,West,9,103.1,Cash on Delivery,35.0,4.4,927.9
ORD1512,2025-03-06,Home & Kitchen,South,5,132.92,UPI,35.0,4.2,664.6
ORD1839,2025-05-02,Sports,North,6,103.19,Credit Card,41.0,3.5,619.14
ORD1072,2025-07-21,Sports,East,6,55.43,UPI,35.0,3.1,332.58
ORD1807,2025-10-12,Beauty,East,4,114.77,Debit Card,56.0,4.0,459.08
ORD1258,2025-09-09,Beauty,South,2,84.31,Cash on Delivery,29.0,3.9,168.62
ORD1624,2025-10-28,Toys,North,4,42.75,UPI,15.0,4.4,171.0
ORD1826,2025-12-02,Electronics,East,5,49.39,Credit Card,60.0,3.8,246.95
ORD1234,2025-07-20,Toys,North,3,73.0,UPI,35.0,3.6,219.0
ORD1616,2025-12-05,Sports,East,5,161.27500000000003,Cash on Delivery,15.0,4.1,806.38
ORD1516,2025-02-13,Toys,West,6,22.1,Cash on Delivery,56.0,5.2,132.6
ORD2071,2025-02-08,Beauty,South,4,100.84,Cash on Delivery,38.0,4.8,403.36
ORD1836,2025-04-03,Electronics,East,7,70.58,Credit Card,39.0,3.8,494.06
ORD1842,2025-01-05,Sports,West,3,71.7,Debit Card,49.0,4.5,215.1
ORD1802,2025-09-04,Home & Kitchen,South,5,74.19,Credit Card,41.0,4.5,370.95
ORD1809,2025-07-03,Sports,East,6,29.47,UPI,43.0,4.2,176.82
ORD1592,2025-05-13,Home & Kitchen,East,5,94.76,UPI,43.0,4.9,473.8
ORD2078,2025-04-21,Clothing,North,5,111.65,UPI,29.0,4.0,558.25
ORD1501,2025-09-15,Home & Kitchen,West,5,51.15,UPI,36.0,5.0,255.75
ORD1538,2025-09-06,Clothing,East,2,84.44,Cash on Delivery,39.0,3.2,168.88
ORD1945,2025-07-17,Beauty,North,5,26.03,Cash on Delivery,33.0,4.9,130.15
ORD1728,2025-09-24,Sports,South,4,39.99,Cash on Delivery,21.0,4.7,159.96
ORD1581,2025-02-22,Home & Kitchen,East,4,132.65,UPI,33.0,4.9,530.6
ORD1343,2025-04-09,Toys,West,6,31.26,Credit Card,54.0,3.3,187.56
ORD1976,2025-07-22,Clothing,East,4,113.76,Credit Card,21.0,5.1,455.04
ORD1889,2025-12-31,Sports,South,5,87.73,Debit Card,41.0,2.5,438.65
ORD1293,2025-11-06,Clothing,North,6,63.02,Cash on Delivery,42.0,4.3,378.12
ORD1364,2025-05-31,Home & Kitchen,West,3,155.84,Cash on Delivery,18.0,3.6,467.52
ORD1897,2025-08-26,Electronics,East,4,61.92,Debit Card,35.0,4.5,247.68
ORD1659,2025-06-22,Beauty,West,4,80.2,Credit Card,51.0,3.9,320.8
ORD1014,2025-06-01,Electronics,South,3,70.58,Debit Card,50.0,3.6,211.74
ORD1686,2025-06-05,Clothing,East,6,161.27500000000003,Cash on Delivery,35.0,3.8,967.65
ORD1086,2025-10-07,Clothing,West,4,101.32,Debit Card,44.0,2.8,405.28
ORD1370,2025-09-03,Home & Kitchen,West,6,74.19,Debit Card,20.0,4.0,445.14
ORD1165,2025-04-18,Sports,North,6,61.21,Cash on Delivery,37.0,2.2,367.26
ORD1131,2025-12-25,Toys,West,9,62.2,Debit Card,24.0,4.5,559.8
ORD1059,2025-07-25,Electronics,West,8,52.69,Cash on Delivery,39.0,4.4,421.52
ORD1709,2025-09-10,Sports,North,7,102.08,Debit Card,47.0,3.4,714.56
ORD1676,2025-05-23,Sports,West,1,70.255,Debit Card,59.0,4.1,70.26
ORD1354,2025-08-11,Electronics,West,3,128.29,Credit Card,22.0,3.6,384.87
ORD2013,2025-04-11,Beauty,South,4,98.8,Debit Card,47.0,3.6,395.2
ORD1424,2025-11-04,Electronics,West,5,92.17,UPI,55.0,3.9,460.85
ORD1292,2025-07-13,Electronics,West,5,43.87,Debit Card,51.0,3.4,219.35
ORD1041,2025-05-11,Sports,East,4,35.75,Credit Card,42.0,4.1,143.0
ORD2081,2025-08-19,Electronics,East,6,101.92,Cash on Delivery,41.0,4.4,611.52
ORD1329,2025-01-17,Clothing,South,2,72.4,UPI,65.0,4.0,144.8
ORD1614,2025-01-29,Electronics,South,7,59.5,Debit Card,24.0,4.7,416.5
ORD1429,2025-06-07,Clothing,West,2,87.18,UPI,35.0,3.5,174.36
ORD1079,2025-07-09,Electronics,North,4,60.5,Credit Card,23.0,4.9,242.0
ORD1693,2025-07-05,Clothing,East,4,76.12,Cash on Delivery,32.0,1.8,304.48
ORD1028,2025-12-11,Beauty,West,4,72.655,UPI,53.0,4.0,290.62
ORD1707,2025-02-15,Home & Kitchen,North,6,91.7,Debit Card,30.0,5.5,550.2
ORD2024,2025-11-30,Toys,West,6,48.29,Credit Card,35.0,3.2,289.74
ORD2186,2025-09-08,Sports,East,6,70.255,Cash on Delivery,44.0,2.7,421.53
ORD1254,2025-05-31,Clothing,West,10,151.21,Credit Card,21.0,4.2,1512.1
ORD1160,2025-02-14,Electronics,West,4,32.02,Cash on Delivery,61.0,4.1,128.08
ORD1458,2025-03-10,Sports,East,3,121.88,UPI,40.0,2.7,365.64
ORD1383,2025-01-20,Toys,East,4,28.0,Cash on Delivery,34.0,4.0,112.0
ORD1313,2025-02-20,Sports,South,6,141.53,Credit Card,23.0,4.5,849.18
ORD1084,2025-12-04,Home & Kitchen,South,5,140.46,Cash on Delivery,28.0,4.3,702.3
ORD1574,2025-08-11,Home & Kitchen,West,2,72.86,UPI,45.0,3.1,145.72
ORD1762,2025-12-14,Clothing,South,6,71.7,Debit Card,35.0,4.7,430.2
ORD1136,2025-02-11,Home & Kitchen,South,6,25.25,Debit Card,55.0,2.3,151.5
ORD1111,2025-07-20,Sports,North,5,54.24,Credit Card,15.0,2.8,271.2
ORD1194,2025-06-29,Electronics,North,5,89.62,Debit Card,44.0,3.9,448.1
ORD1852,2025-12-12,Clothing,North,4,161.27500000000003,UPI,23.0,3.5,645.1
ORD1178,2025-08-21,Toys,East,2,13.61,Debit Card,28.0,4.1,27.22
ORD1555,2025-10-06,Beauty,West,1,89.36,UPI,33.0,4.9,89.36
ORD1723,2025-03-06,Clothing,East,5,69.17,Debit Card,35.0,3.6,345.85
ORD1859,2025-10-09,Home & Kitchen,East,6,97.15,UPI,15.0,3.8,582.9
ORD1496,2025-01-04,Electronics,North,5,59.54,Cash on Delivery,60.0,4.7,297.7
ORD1903,2025-01-15,Electronics,South,3,73.18,Cash on Delivery,30.0,3.7,219.54
ORD1805,2025-03-22,Beauty,North,3,46.94,Debit Card,23.0,3.0,140.82
ORD1129,2025-08-06,Home & Kitchen,South,4,61.11,Debit Card,30.0,4.9,244.44
ORD1715,2025-11-08,Electronics,South,2,103.04,Cash on Delivery,39.0,4.3,206.08
ORD1337,2025-02-06,Electronics,South,3,71.19,Debit Card,32.0,3.3,213.57
ORD1608,2025-06-17,Toys,East,4,104.7,Credit Card,43.0,4.3,418.8
ORD1124,2025-08-15,Clothing,South,6,141.53,Credit Card,49.0,3.8,849.18
ORD1195,2025-04-23,Sports,East,4,24.57,Cash on Delivery,28.0,4.3,98.28
ORD1226,2025-10-21,Clothing,West,7,44.29,Cash on Delivery,45.0,3.6,310.03
ORD1689,2025-12-14,Home & Kitchen,East,9,57.77,Debit Card,27.0,3.3,519.93
ORD1268,2025-06-09,Sports,West,4,74.69,Credit Card,34.0,4.2,298.76
ORD1152,2025-06-09,Clothing,West,2,58.33,Credit Card,19.0,4.0,116.66
ORD1909,2025-09-30,Electronics,West,3,66.23,UPI,59.0,3.1,198.69
ORD1584,2025-02-26,Toys,East,4,44.42,Cash on Delivery,28.0,4.3,177.68
ORD1950,2025-11-27,Electronics,East,6,77.18,Debit Card,45.0,2.9,463.08
ORD1103,2025-03-22,Beauty,East,6,77.74,Credit Card,52.0,4.7,466.44
ORD1593,2025-06-12,Sports,West,3,97.33,UPI,40.0,3.7,291.99
ORD2120,2025-03-10,Electronics,South,4,74.53,Debit Card,42.0,4.1,298.12
ORD1786,2025-04-13,Electronics,North,4,63.29,Debit Card,30.0,4.2,253.16
ORD2018,2025-04-04,Beauty,South,2,70.05,Credit Card,46.0,4.4,140.1
ORD1884,2025-08-02,Sports,West,2,89.42,Credit Card,43.0,4.7,178.84
ORD1776,2025-09-08,Toys,North,10,38.77,Cash on Delivery,35.0,4.4,387.7
ORD1948,2025-01-04,Electronics,South,6,99.85,Debit Card,29.0,4.1,599.1
ORD1849,2025-05-13,Beauty,East,6,72.655,UPI,43.0,4.3,435.93
ORD1894,2025-01-07,Electronics,West,7,144.01,Cash on Delivery,32.0,4.7,1008.07
ORD1227,2025-10-07,Electronics,South,4,64.6,Credit Card,46.0,3.8,258.4
ORD2142,2025-12-22,Home & Kitchen,North,6,149.03,UPI,44.0,4.6,894.18
ORD1301,2025-10-31,Clothing,East,5,37.66,UPI,28.0,4.0,188.3
ORD1854,2025-02-03,Clothing,West,6,83.92,Debit Card,15.0,3.6,503.52
ORD1275,2025-05-11,Home & Kitchen,East,4,72.8,Debit Card,28.0,3.6,291.2
ORD1126,2025-05-11,Sports,West,4,70.64,Debit Card,38.0,3.6,282.56
ORD1405,2025-06-29,Sports,East,8,41.04,Debit Card,43.0,4.5,328.32
ORD1775,2025-08-10,Sports,West,4,72.38,Cash on Delivery,47.0,6.7,289.52
ORD1821,2025-08-28,Home & Kitchen,North,4,71.19,Debit Card,27.0,3.8,284.76
ORD1711,2025-09-13,Sports,East,3,99.25,Credit Card,46.0,4.6,297.75
ORD1765,2025-02-08,Home & Kitchen,North,7,68.81,Credit Card,35.0,3.4,481.67
ORD1683,2025-08-12,Electronics,West,4,71.96,Cash on Delivery,40.0,4.2,287.84
ORD1749,2025-06-14,Sports,East,4,146.57,Debit Card,35.0,3.3,586.28
ORD2145,2025-10-20,Electronics,West,5,58.85,UPI,41.0,4.9,294.25
ORD1036,2025-02-20,Sports,North,4,43.47,Debit Card,35.0,4.3,173.88
ORD1139,2025-12-18,Home & Kitchen,South,4,46.51,Cash on Delivery,37.0,3.7,186.04
ORD1303,2025-07-14,Home & Kitchen,South,4,46.83,Debit Card,34.0,4.1,187.32
ORD1267,2025-02-06,Beauty,West,4,87.28,Debit Card,59.0,5.1,349.12
ORD1834,2025-07-14,Beauty,East,6,39.83,Cash on Delivery,47.0,3.4,238.98
ORD1533,2025-11-10,Home & Kitchen,North,3,31.78,Cash on Delivery,35.0,3.0,95.34
ORD1545,2025-02-05,Clothing,West,5,39.37,Cash on Delivery,48.0,3.8,196.85
ORD1212,2025-08-13,Toys,West,5,88.81,Cash on Delivery,35.0,4.2,444.05
ORD1896,2025-04-21,Home & Kitchen,East,3,96.16,Debit Card,35.0,3.7,288.48
ORD1468,2025-08-08,Clothing,South,9,54.32,Debit Card,25.0,4.5,488.88
ORD1198,2025-09-25,Electronics,North,6,110.15,Debit Card,25.0,4.3,660.9
ORD2048,2025-05-12,Sports,North,4,161.27500000000003,UPI,37.0,6.1,645.1
ORD1867,2025-04-17,Electronics,South,4,51.48,Credit Card,46.0,3.8,205.92
ORD1672,2025-02-16,Toys,North,8,38.33,UPI,29.0,4.1,306.64
ORD1916,2025-01-13,Toys,South,5,98.48,Debit Card,49.0,3.0,492.4
ORD1527,2025-09-21,Toys,South,3,53.03,Debit Card,50.0,4.4,159.09
ORD1675,2025-01-14,Electronics,South,3,53.67,UPI,42.0,4.0,161.01
ORD2074,2025-03-08,Home & Kitchen,North,6,106.36,Cash on Delivery,15.0,3.8,638.16
ORD1814,2025-02-03,Electronics,East,3,71.85,Credit Card,42.0,4.8,215.55
ORD1241,2025-09-09,Electronics,East,7,28.96,Credit Card,35.0,4.7,202.72
ORD1342,2025-04-05,Sports,North,4,72.16,UPI,25.0,2.6,288.64
ORD1549,2025-07-09,Home & Kitchen,East,6,48.92,Credit Card,26.0,4.0,293.52
ORD1386,2025-05-22,Clothing,West,3,44.78,Credit Card,49.0,5.8,134.34
ORD2124,2025-11-26,Home & Kitchen,West,5,98.07,UPI,47.0,1.8,490.35
ORD1966,2025-08-08,Sports,West,6,85.11,Credit Card,48.0,3.2,510.66
ORD1206,2025-01-02,Clothing,West,2,91.75,Credit Card,30.0,5.6,183.5
ORD1295,2025-07-27,Electronics,North,5,70.58,UPI,51.0,4.8,352.9
ORD1695,2025-06-27,Electronics,South,5,48.94,UPI,41.0,3.6,244.7
ORD2091,2025-01-05,Home & Kitchen,South,7,11.58,UPI,23.0,2.3,81.06
ORD1073,2025-09-27,Clothing,North,5,86.05,Debit Card,35.0,3.4,430.25
ORD1605,2025-01-07,Electronics,East,4,109.77,Debit Card,36.0,4.0,439.08
ORD1104,2025-06-12,Electronics,West,4,46.18,Credit Card,15.0,4.0,184.72
ORD1995,2025-02-07,Sports,North,3,64.4,UPI,31.0,4.1,193.2
ORD2025,2025-05-17,Toys,North,8,60.46,Credit Card,57.0,3.8,483.68
ORD2192,2025-07-17,Home & Kitchen,North,4,74.19,Debit Card,17.0,5.0,296.76
ORD1016,2025-05-30,Electronics,North,5,58.35,Debit Card,37.0,3.8,291.75
ORD1439,2025-04-27,Home & Kitchen,South,4,104.41,Credit Card,35.0,4.0,417.64
ORD1091,2025-06-06,Beauty,East,7,82.0,UPI,35.0,3.3,574.0
ORD1088,2025-09-09,Sports,North,5,105.48,Credit Card,40.0,4.2,527.4
ORD2058,2025-10-15,Clothing,East,4,39.25,Debit Card,40.0,5.1,157.0
ORD1908,2025-02-08,Beauty,East,5,33.93,Credit Card,30.0,3.9,169.65
ORD1450,2025-05-06,Clothing,East,6,71.7,Credit Card,48.0,4.0,430.2
ORD1717,2025-08-30,Clothing,South,4,32.91,Cash on Delivery,57.0,5.7,131.64
ORD1102,2025-05-19,Sports,East,7,50.37,Credit Card,20.0,4.0,352.59
ORD1238,2025-12-15,Electronics,South,2,49.83,Cash on Delivery,50.0,4.4,99.66
ORD1068,2025-07-10,Clothing,South,3,69.76,Debit Card,25.0,4.1,209.28
ORD1942,2025-10-16,Home & Kitchen,South,4,85.54,UPI,20.0,4.1,342.16
ORD1246,2025-07-18,Sports,North,6,95.28,Cash on Delivery,35.0,4.4,571.68
ORD1938,2025-08-14,Clothing,West,5,99.95,UPI,23.0,4.3,499.75
ORD1157,2025-10-11,Electronics,East,3,93.4,Debit Card,47.0,3.8,280.2
ORD1479,2025-09-11,Electronics,South,5,52.01,Debit Card,28.0,3.8,260.05
ORD1645,2025-05-28,Clothing,East,8,63.49,Cash on Delivery,25.0,4.4,507.92
ORD1005,2025-07-08,Clothing,West,5,128.75,UPI,47.0,3.6,643.75
ORD2098,2025-10-30,Home & Kitchen,West,6,65.49,Debit Card,23.0,3.5,392.94
ORD1871,2025-12-03,Electronics,South,7,92.07,Cash on Delivery,17.0,2.7,644.49
ORD1965,2025-11-18,Beauty,North,5,64.4,Credit Card,41.0,4.5,322.0
ORD1018,2025-09-15,Home & Kitchen,South,5,68.71,UPI,22.0,6.2,343.55
ORD2017,2025-02-07,Home & Kitchen,East,3,111.38,Credit Card,63.0,3.9,334.14
ORD1121,2025-12-26,Sports,South,4,95.8,Cash on Delivery,17.0,2.7,383.2
ORD1946,2025-03-11,Sports,North,5,56.86,Credit Card,85.0,4.8,284.3
ORD1661,2025-10-30,Home & Kitchen,South,5,80.15,UPI,44.0,4.7,400.75
ORD2016,2025-09-22,Beauty,South,4,79.01,Debit Card,33.0,3.4,316.04
ORD1274,2025-07-27,Home & Kitchen,East,7,142.86,Cash on Delivery,35.0,4.0,1000.02
ORD1433,2025-11-15,Electronics,East,6,83.71,Cash on Delivery,34.0,4.3,502.26
ORD1811,2025-09-30,Clothing,South,7,73.27,UPI,27.0,3.1,512.89
ORD2150,2025-10-14,Beauty,East,4,65.24,UPI,18.0,4.2,260.96
ORD1311,2025-08-18,Beauty,South,5,95.52,UPI,43.0,5.1,477.6
ORD2134,2025-08-06,Clothing,West,2,76.16,Credit Card,36.0,3.0,152.32
ORD1780,2025-10-30,Home & Kitchen,West,5,65.82,UPI,25.0,4.0,329.1
ORD1546,2025-04-06,Beauty,East,7,102.87,Debit Card,52.0,2.9,720.09
ORD1181,2025-07-17,Clothing,West,3,59.78,UPI,52.0,5.3,179.34
ORD1184,2025-06-14,Toys,North,3,78.52,UPI,44.0,3.2,235.56
ORD1406,2025-06-19,Electronics,West,8,46.62,Cash on Delivery,15.0,4.4,372.96
ORD1719,2025-12-31,Toys,East,3,76.61,Cash on Delivery,38.0,3.8,229.83
ORD2023,2025-08-24,Home & Kitchen,South,5,60.99,Cash on Delivery,20.0,3.5,304.95
ORD1606,2025-06-23,Sports,East,2,42.67,UPI,26.0,3.9,85.34
ORD1692,2025-05-16,Sports,South,4,27.05,Debit Card,40.0,4.5,108.2
ORD1520,2025-10-29,Toys,East,7,31.57,Cash on Delivery,35.0,3.7,220.99
ORD1865,2025-02-25,Electronics,South,7,70.58,Debit Card,29.0,3.9,494.06
ORD2003,2025-01-10,Sports,East,4,100.97,UPI,35.0,4.1,403.88
ORD1380,2025-11-09,Toys,South,8,94.1,Credit Card,37.0,3.7,752.8
ORD1427,2025-05-04,Home & Kitchen,South,3,70.73,Debit Card,45.0,3.9,212.19
ORD1078,2025-09-09,Beauty,South,7,70.39,UPI,32.0,3.5,492.73
ORD2009,2025-05-10,Sports,East,3,74.6,Cash on Delivery,39.0,3.7,223.8
ORD2198,2025-05-30,Clothing,East,8,95.29,UPI,42.0,4.7,762.32
ORD1607,2025-05-21,Beauty,North,3,106.64,Debit Card,24.0,4.7,319.92
ORD2076,2025-02-11,Beauty,North,1,114.1,UPI,27.0,4.5,114.1
ORD2104,2025-06-06,Beauty,South,6,45.16,Credit Card,49.0,3.6,270.96
ORD2064,2025-05-23,Sports,North,2,56.63,Cash on Delivery,29.0,3.5,113.26
ORD1958,2025-08-31,Electronics,East,3,74.74,Credit Card,42.0,1.7,224.22
ORD1559,2025-10-13,Sports,West,7,30.9,Credit Card,15.0,4.5,216.3
ORD1846,2025-01-22,Toys,North,4,132.53,UPI,27.0,5.2,530.12
ORD1690,2025-06-13,Clothing,West,7,40.89,Debit Card,22.0,4.5,286.23
ORD2179,2025-03-16,Sports,West,3,125.49,Debit Card,36.0,3.9,376.47
ORD2132,2025-10-29,Clothing,South,7,26.82,Debit Card,32.0,3.2,187.74
ORD1436,2025-02-27,Clothing,West,7,67.54,Credit Card,21.0,3.8,472.78
ORD1490,2025-08-11,Home & Kitchen,West,6,127.5,Cash on Delivery,27.0,4.0,765.0
ORD2113,2025-04-05,Sports,West,6,17.14,Debit Card,23.0,4.0,102.84
ORD1069,2025-08-06,Clothing,West,9,39.48,Credit Card,32.0,3.7,355.32
ORD1808,2025-05-18,Beauty,East,5,56.79,UPI,46.0,2.6,283.95
ORD1011,2025-03-29,Sports,East,4,72.08,Cash on Delivery,25.0,4.0,288.32
ORD1144,2025-08-10,Sports,West,5,75.12,Cash on Delivery,44.0,3.3,375.6
ORD1917,2025-07-31,Home & Kitchen,East,5,70.67,UPI,39.0,4.0,353.35
ORD1639,2025-06-22,Home & Kitchen,South,3,67.16,Debit Card,28.0,3.5,201.48
ORD1176,2025-05-01,Electronics,South,5,70.58,UPI,31.0,2.8,352.9
ORD1994,2025-11-16,Beauty,North,4,65.03,Credit Card,15.0,2.4,260.12
ORD1440,2025-11-14,Sports,East,3,129.72,Debit Card,23.0,4.6,389.16
ORD1521,2025-09-10,Electronics,North,6,22.33,Credit Card,42.0,5.1,133.98
ORD2004,2025-09-18,Toys,West,4,43.4,Cash on Delivery,41.0,3.8,173.6
ORD1143,2025-04-06,Electronics,East,10,98.03,UPI,34.0,4.0,980.3
ORD1753,2025-03-26,Electronics,South,3,126.86,Debit Card,40.0,4.0,380.58
ORD1519,2025-04-05,Home & Kitchen,East,4,45.31,Debit Card,35.0,4.4,181.24
ORD1822,2025-04-21,Toys,West,8,140.08,Cash on Delivery,70.0,3.9,1120.64
ORD1428,2025-04-16,Sports,West,2,19.1,Cash on Delivery,39.0,4.0,38.2
ORD1612,2025-07-13,Beauty,North,6,58.76,Cash on Delivery,28.0,4.4,352.56
ORD2032,2025-11-16,Home & Kitchen,East,5,64.3,Cash on Delivery,35.0,4.7,321.5
ORD1156,2025-03-27,Toys,South,8,141.28,Credit Card,35.0,4.2,1130.24
ORD1539,2025-06-13,Home & Kitchen,East,5,53.36,UPI,22.0,3.2,266.8
ORD1461,2025-09-04,Toys,West,2,76.97,UPI,33.0,4.1,153.94
ORD1576,2025-12-05,Electronics,East,6,137.38,Credit Card,15.0,3.9,824.28
ORD1255,2025-10-25,Electronics,North,7,115.91,Cash on Delivery,47.0,4.0,811.37
ORD1979,2025-10-27,Clothing,South,7,87.55,UPI,27.0,4.2,612.85
ORD2006,2025-06-21,Electronics,South,1,83.42,Debit Card,56.0,3.5,83.42
ORD1560,2025-09-30,Electronics,West,3,122.27,Credit Card,48.0,4.3,366.81
ORD1208,2025-08-08,Beauty,East,3,47.85,Debit Card,28.0,5.3,143.55
ORD1910,2025-08-19,Home & Kitchen,North,5,64.11,UPI,46.0,3.9,320.55
ORD1001,2025-12-15,Sports,South,2,58.01,UPI,48.0,5.8,116.02
ORD1269,2025-01-09,Electronics,North,5,139.44,UPI,31.0,3.6,697.2
ORD1265,2025-09-11,Electronics,South,5,57.07,UPI,35.0,3.6,285.35
ORD1914,2025-01-25,Toys,East,7,52.58,Debit Card,40.0,4.1,368.06
ORD1230,2025-07-17,Clothing,North,4,95.06,Cash on Delivery,49.0,4.4,380.24
ORD2197,2025-03-04,Electronics,West,6,80.52,Cash on Delivery,30.0,4.1,483.12
ORD1864,2025-08-27,Home & Kitchen,North,2,29.0,UPI,36.0,3.5,58.0
ORD2066,2025-05-25,Toys,North,2,99.01,UPI,20.0,5.4,198.02
ORD1873,2025-10-19,Home & Kitchen,South,2,66.3,Credit Card,49.0,3.9,132.6
ORD2085,2025-10-16,Electronics,West,4,86.39,UPI,31.0,4.2,345.56
ORD1398,2025-07-09,Toys,North,5,73.0,UPI,25.0,3.0,365.0
ORD2164,2025-01-01,Clothing,North,5,55.72,UPI,24.0,5.1,278.6
ORD1045,2025-11-25,Electronics,East,4,35.02,Credit Card,30.0,4.9,140.08
ORD1161,2025-03-03,Home & Kitchen,East,10,55.03,UPI,24.0,4.5,550.3
ORD1991,2025-01-01,Sports,North,5,70.16,UPI,43.0,4.3,350.8
ORD1727,2025-06-26,Electronics,North,4,152.77,Credit Card,30.0,4.6,611.08
ORD1629,2025-10-02,Beauty,South,11,41.66,Debit Card,43.0,3.8,458.26
ORD1288,2025-04-09,Clothing,South,9,64.08,UPI,43.0,4.6,576.72
ORD2059,2025-06-28,Beauty,West,6,36.29,Cash on Delivery,35.0,3.9,217.74
ORD2187,2025-06-28,Toys,North,8,65.42,UPI,35.0,4.5,523.36
ORD1575,2025-02-21,Toys,North,6,99.13,Credit Card,20.0,3.6,594.78
ORD1850,2025-08-21,Electronics,North,5,70.58,Cash on Delivery,34.0,4.0,352.9
ORD1911,2025-03-27,Electronics,East,6,99.25,UPI,26.0,3.6,595.5
ORD2100,2025-12-31,Electronics,West,4,77.3,Cash on Delivery,25.0,4.0,309.2
ORD1932,2025-02-11,Beauty,West,8,23.68,Cash on Delivery,35.0,4.0,189.44
ORD1247,2025-11-04,Electronics,West,4,52.2,UPI,37.0,3.4,208.8
ORD1476,2025-02-08,Home & Kitchen,East,3,51.04,UPI,20.0,4.0,153.12
ORD1085,2025-02-22,Electronics,East,4,71.0,Credit Card,30.0,3.7,284.0
ORD1469,2025-03-10,Beauty,West,10,49.04,Debit Card,30.0,2.7,490.4
ORD1225,2025-09-12,Sports,West,1,25.21,Credit Card,15.0,2.6,25.21
ORD1774,2025-08-24,Clothing,South,5,43.81,UPI,15.0,3.4,219.05
ORD1331,2025-08-08,Toys,South,4,67.01,Cash on Delivery,32.0,3.7,268.04
ORD1233,2025-04-07,Electronics,South,6,90.53,UPI,23.0,2.5,543.18
ORD1588,2025-02-11,Sports,South,5,27.14,UPI,38.0,3.7,135.7
ORD1475,2025-12-07,Sports,West,2,31.98,UPI,23.0,4.1,63.96
ORD1599,2025-08-27,Sports,West,4,126.85,Credit Card,43.0,2.4,507.4
ORD1421,2025-02-16,Beauty,North,7,95.41,Credit Card,16.0,4.8,667.87
ORD1182,2025-05-17,Toys,East,3,80.82,Debit Card,33.0,3.9,242.46
ORD1988,2025-04-23,Beauty,North,4,98.41,Credit Card,17.0,3.9,393.64
ORD2000,2025-09-16,Clothing,East,4,141.55,Debit Card,20.0,5.3,566.2
ORD1049,2025-11-12,Clothing,East,5,116.47,Credit Card,42.0,5.1,582.35
ORD2139,2025-04-14,Beauty,West,4,84.34,Credit Card,44.0,2.7,337.36
ORD2029,2025-10-23,Sports,North,4,146.3,Cash on Delivery,48.0,5.9,585.2
ORD1529,2025-03-31,Clothing,North,5,22.36,Cash on Delivery,31.0,4.0,111.8
ORD1486,2025-11-21,Electronics,South,5,99.57,Cash on Delivery,43.0,5.7,497.85
ORD1497,2025-01-16,Sports,East,3,22.66,UPI,42.0,3.1,67.98
ORD1106,2025-09-18,Electronics,South,3,89.05,Debit Card,34.0,3.5,267.15
ORD1443,2025-05-09,Electronics,East,8,91.72,UPI,37.0,3.6,733.76
ORD1646,2025-11-13,Clothing,North,6,122.14,Cash on Delivery,45.0,5.3,732.84
ORD2036,2025-12-27,Home & Kitchen,West,5,101.19,Credit Card,15.0,3.9,505.95
ORD1726,2025-08-27,Sports,North,5,39.09,Credit Card,53.0,5.6,195.45
ORD1282,2025-04-23,Beauty,East,5,72.655,Credit Card,35.0,3.8,363.28
ORD1029,2025-02-18,Toys,North,5,31.66,Cash on Delivery,32.0,3.9,158.3
ORD1169,2025-11-27,Home & Kitchen,North,6,48.37,UPI,17.0,3.6,290.22
ORD2001,2025-06-10,Home & Kitchen,North,7,113.79,Debit Card,24.0,4.9,796.53
ORD1100,2025-05-16,Clothing,East,10,132.96,Credit Card,38.0,2.6,1329.6
ORD1197,2025-02-21,Sports,West,4,81.19,Cash on Delivery,31.0,4.7,324.76
ORD1495,2025-11-21,Sports,North,2,68.58,Debit Card,42.0,3.5,137.16
ORD1647,2025-12-27,Sports,East,2,64.08,UPI,46.0,4.8,128.16
ORD1987,2025-01-20,Toys,East,9,144.5,UPI,37.0,5.0,1300.5
ORD1044,2025-01-21,Beauty,West,5,70.35,UPI,30.0,3.9,351.75
ORD1710,2025-03-23,Toys,North,2,152.89,Cash on Delivery,41.0,4.6,305.78
ORD1373,2025-06-19,Beauty,South,9,155.07,Credit Card,40.0,4.5,1395.63
ORD1678,2025-02-23,Clothing,South,4,138.46,Cash on Delivery,32.0,4.9,553.84
ORD1566,2025-01-19,Beauty,West,4,70.4,UPI,42.0,4.8,281.6
ORD1847,2025-11-22,Home & Kitchen,West,10,29.25,Credit Card,31.0,3.5,292.5
ORD1460,2025-12-15,Electronics,West,3,71.52,Cash on Delivery,29.0,4.7,214.56
ORD1039,2025-09-01,Clothing,West,5,71.7,Debit Card,16.0,3.3,358.5
ORD1434,2025-10-02,Home & Kitchen,East,3,138.37,Credit Card,40.0,4.9,415.11
ORD1973,2025-03-03,Electronics,South,4,70.58,Debit Card,25.0,5.2,282.32
ORD2007,2025-01-13,Electronics,East,6,48.8,Debit Card,26.0,4.0,292.8
ORD1456,2025-07-08,Electronics,West,5,54.54,Credit Card,48.0,5.0,272.7
ORD1260,2025-12-12,Electronics,West,10,92.72,Debit Card,46.0,4.3,927.2
ORD1035,2025-06-24,Electronics,East,4,161.27500000000003,UPI,29.0,4.2,645.1
ORD1827,2025-04-05,Toys,North,5,83.87,Debit Card,25.0,2.9,419.35
ORD1309,2025-06-07,Beauty,South,6,161.27500000000003,Credit Card,23.0,4.6,967.65
ORD1276,2025-06-01,Electronics,West,5,29.47,Debit Card,32.0,3.5,147.35
ORD1654,2025-05-14,Sports,North,5,94.69,UPI,40.0,3.9,473.45
ORD1622,2025-11-23,Electronics,South,6,60.14,UPI,30.0,3.2,360.84
ORD1844,2025-06-19,Electronics,West,4,84.9,Credit Card,17.0,5.2,339.6
ORD1393,2025-12-08,Electronics,West,5,70.98,Debit Card,44.0,2.3,354.9
ORD1107,2025-08-19,Toys,West,5,57.84,UPI,40.0,4.6,289.2
ORD1349,2025-09-13,Sports,North,6,71.14,UPI,20.0,2.9,426.84
ORD1524,2025-08-03,Sports,South,4,79.98,Cash on Delivery,31.0,4.0,319.92
ORD1784,2025-03-07,Electronics,North,7,78.67,Credit Card,33.0,5.1,550.69
ORD1047,2025-10-01,Clothing,East,6,95.79,UPI,35.0,3.8,574.74
ORD1203,2025-03-22,Sports,South,3,30.77,Cash on Delivery,23.0,1.6,92.31
ORD1021,2025-07-11,Home & Kitchen,South,8,104.23,Cash on Delivery,26.0,3.3,833.84
ORD1402,2025-02-27,Beauty,South,8,83.81,UPI,31.0,3.9,670.48
ORD2107,2025-06-06,Electronics,West,5,106.02,UPI,41.0,2.7,530.1
ORD2154,2025-10-24,Beauty,East,6,114.16,UPI,35.0,3.4,684.96
ORD1989,2025-05-20,Clothing,West,3,93.61,Debit Card,33.0,4.9,280.83
ORD1741,2025-01-06,Clothing,North,7,91.82,UPI,25.0,3.2,642.74
ORD2147,2025-05-07,Home & Kitchen,West,3,30.04,UPI,23.0,5.6,90.12
ORD1033,2025-09-28,Clothing,West,5,69.62,Cash on Delivery,35.0,4.4,348.1
ORD1787,2025-07-11,Home & Kitchen,East,3,96.35,Debit Card,35.0,2.9,289.05
ORD1923,2025-05-26,Home & Kitchen,East,4,116.05,Debit Card,34.0,2.1,464.2
ORD2180,2025-10-21,Toys,East,4,61.27,Debit Card,15.0,3.9,245.08
ORD1579,2025-04-09,Toys,South,2,69.09,Credit Card,59.0,2.9,138.18
ORD1481,2025-12-23,Electronics,South,5,93.0,UPI,30.0,4.0,465.0
ORD1931,2025-03-24,Beauty,West,4,76.07,Credit Card,36.0,5.0,304.28
ORD1356,2025-02-27,Toys,East,6,79.13,Credit Card,28.0,3.8,474.78
ORD1759,2025-09-17,Beauty,East,6,93.65,Credit Card,43.0,4.1,561.9
ORD1092,2025-01-15,Toys,South,4,47.53,Credit Card,26.0,5.2,190.12
ORD2175,2025-03-04,Clothing,East,6,49.19,Credit Card,15.0,4.0,295.14
ORD1803,2025-04-16,Sports,North,8,62.02,Cash on Delivery,53.0,3.6,496.16
ORD1745,2025-12-24,Electronics,South,3,101.93,Debit Card,34.0,3.6,305.79
ORD1279,2025-06-10,Electronics,East,4,69.72,Debit Card,38.0,3.3,278.88
ORD1764,2025-03-13,Electronics,East,5,117.64,Cash on Delivery,15.0,4.5,588.2
ORD1604,2025-08-18,Beauty,South,3,80.87,UPI,35.0,4.8,242.61
ORD1537,2025-10-04,Home & Kitchen,North,4,51.21,Credit Card,46.0,4.3,204.84
ORD1400,2025-05-30,Beauty,North,6,48.92,Credit Card,39.0,4.2,293.52
ORD1257,2025-09-20,Electronics,South,6,49.7,UPI,39.0,3.2,298.2
ORD1944,2025-10-04,Sports,East,4,63.59,Credit Card,40.0,3.7,254.36
ORD2096,2025-10-21,Clothing,South,7,93.18,Cash on Delivery,55.0,3.6,652.26
ORD2161,2025-04-20,Clothing,South,9,37.25,Credit Card,35.0,5.1,335.25
ORD1494,2025-09-14,Toys,North,6,105.88,Credit Card,30.0,3.5,635.28
ORD1772,2025-09-25,Home & Kitchen,North,7,32.13,Credit Card,29.0,3.2,224.91
ORD1550,2025-08-12,Clothing,North,6,95.37,UPI,45.0,3.7,572.22
ORD1201,2025-04-11,Beauty,South,7,106.97,Credit Card,41.0,5.2,748.79
ORD1312,2025-12-31,Sports,East,4,64.51,Cash on Delivery,53.0,4.0,258.04
ORD1290,2025-12-15,Sports,South,9,79.89,UPI,35.0,3.7,719.01
ORD1763,2025-04-05,Clothing,South,6,114.24,Credit Card,41.0,4.1,685.44
ORD2136,2025-04-14,Clothing,South,2,37.54,Cash on Delivery,37.0,2.8,75.08
ORD1949,2025-12-16,Home & Kitchen,North,4,44.04,UPI,35.0,3.5,176.16
ORD1183,2025-11-14,Toys,North,5,68.2,UPI,43.0,3.9,341.0
ORD2176,2025-09-01,Clothing,South,3,66.9,Credit Card,57.0,4.1,200.7
ORD2068,2025-11-05,Clothing,North,5,148.15,UPI,47.0,3.7,740.75
ORD2030,2025-11-16,Beauty,North,8,55.76,Cash on Delivery,31.0,5.0,446.08
ORD1250,2025-12-04,Toys,East,3,114.79,UPI,15.0,4.0,344.37
ORD1823,2025-09-06,Home & Kitchen,East,6,35.83,Credit Card,20.0,4.7,214.98
ORD2099,2025-08-16,Electronics,South,3,86.46,UPI,27.0,5.2,259.38
ORD1940,2025-12-31,Electronics,East,5,51.26,Credit Card,23.0,5.0,256.3
ORD1391,2025-10-15,Clothing,South,4,55.19,Debit Card,30.0,3.5,220.76
ORD2191,2025-06-29,Home & Kitchen,North,6,61.06,Credit Card,47.0,3.5,366.36
ORD1904,2025-07-11,Clothing,West,5,36.46,Debit Card,34.0,4.0,182.3
ORD1730,2025-10-09,Home & Kitchen,North,8,51.89,Debit Card,23.0,5.5,415.12
ORD1554,2025-01-13,Clothing,North,5,37.25,Credit Card,29.0,3.9,186.25
ORD1366,2025-06-04,Sports,South,6,82.85,Cash on Delivery,40.0,3.8,497.1
ORD1345,2025-04-26,Toys,North,5,72.95,Cash on Delivery,19.0,3.6,364.75
ORD1535,2025-03-16,Beauty,North,6,105.02,UPI,54.0,4.4,630.12
ORD1919,2025-03-09,Home & Kitchen,West,7,40.85,UPI,48.0,3.7,285.95
ORD1211,2025-08-12,Home & Kitchen,West,4,31.55,Cash on Delivery,40.0,5.6,126.2
ORD1502,2025-06-09,Beauty,North,3,44.56,Debit Card,35.0,3.7,133.68
ORD1175,2025-10-10,Toys,West,4,85.17,Debit Card,20.0,4.0,340.68
